H2_g,H2O_g,O2_g,H4Si_g,OSi_g,O2Si_g,O2Si_l,mass_O2Si_l,total_pressure,log_fO2_dIW,melt_fraction_H,fugacity_coefficient_H2,fugacity_coefficient_H2O
58531.26629966567,341.88001600296235,7.01406368752531e-08,14315.914286101694,312.45449167527323,0.020390320977750287,1.0,7.956711655390895e+24,73501.53548383672,-6.0,0.0,1.0000000000000009,1.0000000000000009
57891.30061528859,343.6716521964783,7.245342526581702e-08,13557.53225002991,307.4271109682005,0.020390320977750297,1.0,7.974169717967559e+24,72099.9520188766,-5.959798994974874,0.0,1.000000000000004,1.000000000000004
57229.42877902056,345.31697811134256,7.485057740565048e-08,12824.97779324317,302.46424792063,0.020390320977750287,1.0,7.991589381621199e+24,70702.20818869153,-5.919597989949748,0.0,1.0000000000000018,1.0000000000000018
56546.60612444727,346.81981588613615,7.733798137803314e-08,12118.063121680992,297.56045120983333,0.02039032097775036,1.0,8.008961432610173e+24,69309.06990362256,-5.8793969849246235,0.0,0.9999999999999993,0.9999999999999993
55843.843256382126,348.1848249027742,7.992215638732126e-08,11436.584948643569,292.7103157198834,0.020390320977750277,1.0,8.026276164693962e+24,67921.34373604925,-5.839195979899498,0.0,1.0000000000000024,1.0000000000000024
55122.20868363605,349.4175590475603,8.261032730612297e-08,10780.32449042127,287.9084777328783,0.020390320977750277,1.0,8.043523345958229e+24,66539.87960124135,-5.798994974874372,0.0,1.0000000000000018,1.0000000000000018
54382.83154806657,350.5245279345712,8.541050849185533e-08,10149.04736710471,283.149612083926,0.020390320977750297,1.0,8.060692185228452e+24,65165.573445596165,-5.758793969849246,0.0,1.0000000000000027,1.0000000000000027
53626.90446613207,351.5132626450304,8.833159807512508e-08,9542.503416550404,278.4284315178261,0.020390320977750214,1.0,8.07777129852512e+24,63799.369967254635,-5.71859296482412,0.0,1.0000000000000022,1.0000000000000022
52855.68632020519,352.39238505983104,9.138348388225695e-08,8960.426386767684,273.73968881298987,0.020390320977750277,1.0,8.094748677249436e+24,62442.265171258055,-5.678391959798995,0.0,1.0000000000000013,1.0000000000000013
52070.50495632616,353.17168080759694,9.4577162378076e-08,8402.533514255434,269.0781820828283,0.020390320977750204,1.0,8.111611658874414e+24,61095.30872388757,-5.63819095477387,0.0,1.000000000000001,1.000000000000001
51272.759649565975,353.8621750333519,9.792487205134252e-08,7868.524977836945,264.43876383986645,0.020390320977750235,1.0,8.128346901691318e+24,59759.60595669505,-5.597989949748744,0.0,1.0000000000000024,1.0000000000000024
50463.92335685096,354.4762116455659,1.0144024300667856e-07,7358.083257507219,259.8163541277083,0.020390320977750287,1.0,8.144940364502351e+24,58436.319570553875,-5.557788944723618,0.0,1.0000000000000018,1.0000000000000018
49645.54429979326,355.02753230008904,1.0513846405521065e-07,6870.872336996581,255.20595885376503,0.020390320977750235,1.0,8.161377294527382e+24,57126.670518369814,-5.517587939698492,0.0,1.0000000000000029,1.0000000000000029
48819.247049857666,355.5313570803293,1.0903646950537173e-07,6406.536830796703,250.60269331080565,0.020390320977750225,1.0,8.177642224294805e+24,55831.938321475514,-5.477386934673367,0.0,1.0000000000000033,1.0000000000000033
47986.73267846192,356.0044632045442,1.1315314720591401e-07,5964.700998320607,246.0018118678513,0.020390320977750256,1.0,8.193718980922135e+24,54553.46034228906,-5.437185929648241,0.0,1.000000000000001,1.000000000000001
47149.77782317725,356.46526059832996,1.1750956983093507e-07,5544.967681236326,241.3987441957872,0.02039032097775033,1.0,8.209590710267592e+24,53292.62989964618,-5.396984924623116,0.0,0.9999999999999994,0.9999999999999994
46310.232404927476,356.93386196257467,1.2212925131004972e-07,5146.917187535215,236.78913843211146,0.020390320977750235,1.0,8.225239918976304e+24,52050.89298330048,-5.35678391959799,0.0,1.0000000000000016,1.0000000000000016
45470.015729926556,357.432144760352,1.2703843033032623e-07,4770.1061576963975,232.1689114715106,0.020390320977750287,1.0,8.240648537494552e+24,50829.74333430283,-5.316582914572864,0.0,1.0000000000000022,1.0000000000000022
44631.11070821047,357.9838022905154,1.3226638282917658e-07,4414.066458521312,227.5343062899649,0.020390320977750287,1.0,8.255798007057928e+24,49630.71566576551,-5.276381909547739,0.0,1.000000000000002,1.000000000000002
43795.55593507275,358.6143808696923,1.3784576538545192e-07,4078.3041611137255,222.88195584031394,0.020390320977750287,1.0,8.270669393373029e+24,48455.3768233553,-5.236180904522613,0.0,1.0000000000000016,1.0000000000000016
42965.43541745409,359.3513001637566,1.4381299141935303e-07,3762.298670404814,218.2089525939162,0.020390320977750225,1.0,8.285243529158731e+24,47305.31473108137,-5.1959798994974875,0.0,1.0000000000000007,1.0000000000000007
42142.86578866768,360.2238539520012,1.5020864215925918e-07,3465.5020835968066,213.51292225477422,0.020390320977750204,1.0,8.299501186832314e+24,46182.12503894246,-5.155778894472362,0.0,1.0000000000000016,1.0000000000000016
41329.980944922274,361.2631891264791,1.570779144631994e-07,3187.3388627044874,208.79209956087357,0.020390320977750287,1.0,8.313423281391249e+24,45087.39548679217,-5.115577889447236,0.0,0.9999999999999996,0.9999999999999996
40528.914157360676,362.50226156675,1.6447110783628135e-07,2927.205910712246,204.04540345460927,0.020390320977750287,1.0,8.326991102171962e+24,44022.688123579734,-5.075376884422111,0.0,1.0000000000000027,1.0000000000000027
39741.77785666156,363.9757687557154,1.7244415350115269e-07,2684.47313805522,199.2725082542492,0.02039032097775035,1.0,8.340186568347813e+24,42989.51966222016,-5.035175879396985,0.0,1.0000000000000004,1.0000000000000004
38970.64147607,365.7200603066892,1.8105918869714697e-07,2458.484607372136,194.4739071723931,0.02039032097775035,1.0,8.352992515322241e+24,41989.34044142326,-4.994974874371859,0.0,0.9999999999999998,0.9999999999999998
38217.50786770433,367.77302988298055,1.9038518125335855e-07,2248.5603069362755,189.65096366602017,0.02039032097775033,1.0,8.36539295406286e+24,41023.51255870096,-4.954773869346734,0.0,1.000000000000004,1.000000000000004
37484.289055138994,370.17399308396904,2.0049860934910615e-07,2053.9986137432984,184.80594690156653,0.02039032097775034,1.0,8.377373398498333e+24,40093.2879993893,-4.914572864321608,0.0,1.0000000000000002,1.0000000000000002
36772.78215624657,372.96355865395435,2.1148420442648423e-07,1874.0794415732732,179.94204705240176,0.020390320977750214,1.0,8.388921124840589e+24,39199.78759405865,-4.874371859296483,0.0,0.9999999999999998,0.9999999999999998
36084.64646206918,376.1835015332946,2.2343576620187237e-07,1708.0680544687505,175.06336738004262,0.02039032097775035,1.0,8.400025436113931e+24,38343.98177599568,-4.834170854271357,0.0,1.0000000000000013,1.0000000000000013
35421.38267268269,379.8766478419865,2.3645706136656078e-07,1555.2194755784878,170.17489084822378,0.02039032097775033,1.0,8.41067788753288e+24,37526.67407750882,-4.793969849246231,0.0,1.0000000000000024,1.0000000000000024
34784.31531236763,384.0867822637941,2.506628187155945e-07,1414.7833945571185,165.28242083720758,0.020390320977750214,1.0,8.420872466099679e+24,36748.48830059739,-4.7537688442211055,0.0,1.0000000000000036,1.0000000000000036
34174.578939911014,388.8585898166207,2.6617984185054525e-07,1286.0093806577383,160.39249507688402,0.020390320977750318,1.0,8.43060571804386e+24,36009.85979604941,-4.71356783919598,0.0,1.0000000000000018,1.0000000000000018
33593.109258439246,394.23763976957133,2.831482494920353e-07,1168.152326584559,155.5122783820815,0.02039032097775034,1.0,8.43987680511654e+24,35311.03189377959,-4.673366834170855,0.0,1.0000000000000024,1.0000000000000024
33040.63901783232,400.2704228758662,3.0172287514107744e-07,1060.477828735776,150.6494345612739,0.02039032097775036,1.0,8.448687505362351e+24,34652.05709462793,-4.633165829145729,0.0,1.0000000000000024,1.0000000000000024
32517.69915274222,407.00444686137683,3.2207484376638055e-07,962.2673871939121,145.81198502308462,0.02039032097775034,1.0,8.457042143479221e+24,34032.80336246365,-4.592964824120603,0.0,1.000000000000002,1.000000000000002
32024.624794155665,414.48839581974295,3.4439335727156515e-07,872.823214505812,141.00815872865448,0.020390320977750287,1.0,8.464947461368754e+24,33452.96495387524,-4.552763819095477,0.0,1.0000000000000016,1.0000000000000016
31561.565853947923,422.77235428035965,3.6888771422535966e-07,791.4725301177824,136.24624100066615,0.020390320977750318,1.0,8.472412435199173e+24,32912.0773700366,-4.5125628140703515,0.0,1.0000000000000016,1.0000000000000016
31128.50136381262,431.90809753943137,3.9578960259450184e-07,717.5711982630289,131.53442606890653,0.020390320977750297,1.0,8.479448049172333e+24,32409.53547640075,-4.472361809045227,0.0,1.0000000000000024,1.0000000000000024
30725.25685706027,441.9494458375144,4.253556997139527e-07,650.5066522479893,126.88067966198275,0.020390320977750308,1.0,8.48606703752116e+24,31944.614025554092,-4.4321608040201,0.0,1.0000000000000024,1.0000000000000024
30351.523872777103,452.9526802887421,4.5787062283895605e-07,589.7000655652325,122.29261586412159,0.02039032097775033,1.0,8.492283606930509e+24,31516.489625274047,-4.391959798994975,0.0,1.0000000000000013,1.0000000000000013
30006.880702846087,464.9770177856267,4.936502779002759e-07,534.6077766747213,117.7773915878435,0.020390320977750308,1.0,8.498113151205865e+24,31124.263279708906,-4.351758793969849,0.0,1.0000000000000009,1.0000000000000009
29690.8135576082,478.0851425215066,5.330456611002972e-07,484.7220067983451,113.34162068909009,0.020390320977750235,1.0,8.503571968893346e+24,30766.98271847116,-4.311557788944723,0.0,1.0000000000000013,1.0000000000000013
29402.737432009606,492.3437927328048,5.764471763062944e-07,439.5709360066271,108.99130851693408,0.020390320977750297,1.0,8.508676992891262e+24,30443.6638601634,-4.2713567839195985,0.0,1.0000000000000024,1.0000000000000024
29142.016087859683,507.8244027280197,6.242895413218288e-07,398.718220483921,104.7318065947097,0.020390320977750297,1.0,8.513445539104439e+24,30153.310908611602,-4.231155778894472,0.0,1.0000000000000009,1.0000000000000009
28907.98071352205,524.6038020945455,6.770573682750505e-07,361.7620435039425,100.56778624737693,0.02039032097775034,1.0,8.517895079154134e+24,29894.93473636595,-4.190954773869347,0.0,1.0000000000000022,1.0000000000000022
28699.94696567654,542.7649760321433,7.352915178520878e-07,328.3337952387055,96.50322934920908,0.020390320977750245,1.0,8.522043040243762e+24,29667.569357352862,-4.150753768844221,0.0,1.000000000000001,1.000000000000001
28517.230227305692,562.3978931050027,7.995963447552849e-07,298.0964732189737,92.54143393516537,0.020390320977750287,1.0,8.525906633402074e+24,29470.28641868541,-4.110552763819095,0.0,1.000000000000002,1.000000000000002
28359.15902735796,583.6004087836378,8.706479716864723e-07,270.74288836128164,88.68503227294794,0.020390320977750287,1.0,8.529502710394307e+24,29302.20774796745,-4.07035175879397,0.0,1.0000000000000024,1.0000000000000024
28225.086655488267,606.4792567484579,9.492037571891867e-07,245.9937503791422,84.93601878565724,0.020390320977750256,1.0,8.532847648232427e+24,29162.516072671704,-4.030150753768844,0.0,1.0000000000000018,1.0000000000000018
28114.40107462839,631.1511408356197,1.0361131475304106e-06,223.5956972640381,81.29578563380905,0.020390320977750225,1.0,8.535957257999732e+24,29050.46408971895,-3.9899497487437188,0.0,1.000000000000001,1.000000000000001
28026.533277062197,657.7439452484706,1.1323301441365127e-06,203.31931979454902,77.76516364086137,0.020390320977750308,1.0,8.538846715552845e+24,28965.38209719939,-3.949748743718593,0.0,1.0000000000000013,1.0000000000000013
27960.96425814575,686.3980826023047,1.238927658127933e-06,184.9572224076677,74.344466713225,0.02039032097775033,1.0,8.541530522865058e+24,28906.68442142885,-3.909547738693467,0.0,1.0000000000000013,1.0000000000000013
27917.230804736802,717.2680041275842,1.3571140792419963e-06,168.32215106100554,71.03353805814888,0.020390320977750297,1.0,8.544022460108578e+24,28873.874889661634,-3.869346733668342,0.0,1.0000000000000024,1.0000000000000024
27894.93028029192,750.5238989911073,1.4882524469521411e-06,153.2452103851175,67.8317969241054,0.020390320977750287,1.0,8.546335587986568e+24,28866.551578401482,-3.829145728643216,0.0,1.000000000000001,1.000000000000001
27893.72460834985,786.3536165548894,1.6338826949948076e-06,139.57418450946176,64.73828469899814,0.020390320977750204,1.0,8.548482235560114e+24,28884.41108606806,-3.78894472361809,0.0,1.0000000000000022,1.0000000000000022
27913.34362841283,824.9648497714192,1.7957475335252288e-06,127.1719702707388,61.75170957644985,0.020390320977750256,1.0,8.550474008586268e+24,28927.252550148158,-3.748743718592965,0.0,1.0000000000000022,1.0000000000000022
27953.587996279854,866.5876257996405,1.975822654395183e-06,115.91512650382157,58.87048915385374,0.020390320977750256,1.0,8.552321803863005e+24,28994.981630033966,-3.708542713567839,0.0,1.0000000000000027,1.0000000000000027
28014.331785876457,911.4771583724498,2.1763520926331778e-06,105.69253947892564,56.09279052983038,0.02039032097775034,1.0,8.55403582956581e+24,29087.61466675499,-3.6683417085427137,0.0,1.0000000000000022,1.0000000000000022
28095.52493806945,959.9171270857337,2.399889761944518e-06,96.4042018076354,53.41656762079397,0.02039032097775034,1.0,8.555625630041536e+24,29205.28322730448,-3.628140703517588,0.0,1.0000000000000016,1.0000000000000016
28197.1956832088,1012.223460691475,2.6493484089791866e-06,87.96010030316096,50.83959558490594,0.020390320977750297,1.0,8.557100129157409e+24,29348.239232758664,-3.587939698492462,0.0,1.000000000000001,1.000000000000001
28319.453111768184,1068.7487255532124,2.9280575533980373e-06,80.27920629712614,48.35950203958763,0.020390320977750266,1.0,8.558467601618002e+24,29516.860938907143,-3.5477386934673367,0.0,1.0000000000000027,1.0000000000000027
28462.48989868138,1129.8872177866463,3.239832262758651e-06,73.28856319461963,45.97379572180971,0.020390320977750277,1.0,8.55973578862926e+24,29711.659868945262,-3.507537688442211,0.0,1.0000000000000022,1.0000000000000022
28626.585448078553,1196.0809197409956,3.58905522437789e-06,66.92246224283771,43.6798918390708,0.020390320977750235,1.0,8.560911875673963e+24,29933.289115811487,-3.4673366834170856,0.0,1.0000000000000024,1.0000000000000024
28812.10946939062,1267.8264776464632,3.980775046203681e-06,61.1217007843147,41.47513483324524,0.020390320977750297,1.0,8.562002537281077e+24,30182.553176956397,-3.4271356783919598,0.0,1.000000000000002,1.000000000000002
29019.526149971203,1345.683418489966,4.420824581415537e-06,55.83291535409213,39.35681845654584,0.020390320977750277,1.0,8.563013968338032e+24,30460.419697013607,-3.386934673366834,0.0,0.9999999999999998,0.9999999999999998
29249.399049594274,1430.2838690629153,4.915964066836092e-06,51.007982911503234,37.32220335214927,0.02039032097775035,1.0,8.563951914619053e+24,30768.03350015778,-3.3467336683417086,0.0,1.0000000000000016,1.0000000000000016
29502.396862638623,1522.3441074335951,5.474055208906904e-06,46.6034837589909,35.36853229834182,0.02039032097775034,1.0,8.564821702294193e+24,31106.733381924583,-3.306532663316583,0.0,1.0000000000000004,1.0000000000000004
29779.300213186023,1622.6783630858579,6.104274124928082e-06,42.58022011560024,33.493043273453345,0.020390320977750318,1.0,8.565628266247683e+24,31478.072236086187,-3.2663316582914574,0.0,1.000000000000002,1.000000000000002
30081.009674528545,1732.2153942843622,6.817373416298034e-06,38.90278475688108,31.692980491283116,0.020390320977750297,1.0,8.566376177095985e+24,31883.841231199418,-3.2261306532663316,0.0,1.0000000000000002,1.0000000000000002
30408.55523915796,1852.0185192123572,7.626006844202603e-06,35.539174584838186,29.965603544238242,0.02039032097775034,1.0,8.567069667002727e+24,32326.098934446378,-3.185929648241206,0.0,1.0000000000000024,1.0000000000000024
30763.107510286834,1983.3099742577767,8.545134427508301e-06,32.46044443553329,28.30819477422677,0.020390320977750308,1.0,8.567712654593968e+24,32807.20652262048,-3.1457286432160805,0.0,1.0000000000000013,1.0000000000000013
31145.99101372591,2127.50075149901,9.592531855707473e-06,29.640396726217194,26.71806485062188,0.020390320977750287,1.0,8.568308638318617e+24,33329.87062671527,-3.1055276381909547,0.0,1.0000000000000022,1.0000000000000022
31558.69956157639,2286.2273158779576,1.0789435785722034e-05,27.055303972295057,25.19255743700213,0.020390320977750245,1.0,8.56886134639948e+24,33897.195139974065,-3.0653266331658293,0.0,1.0000000000000002,1.0000000000000002
32002.91557077991,2461.397479332797,1.2161370656206216e-05,24.683658017390385,23.72905058279443,0.02039032097775036,1.0,8.569373519490712e+24,34512.74616119524,-3.0251256281407035,0.0,1.0000000000000018,1.0000000000000018
32480.53165172445,2655.2476371894577,1.3739214921094439e-05,22.505947207676783,22.324958800676875,0.020390320977750214,1.0,8.569848152234004e+24,35180.630598982454,-2.9849246231155777,0.0,1.0000000000000024,1.0000000000000024
32993.67755387354,2870.415484282644,1.5560594683383744e-05,20.504454290641394,20.97773183770293,0.020390320977750308,1.0,8.570287906407035e+24,35905.5956301661,-2.9447236180904524,0.0,1.0000000000000024,1.0000000000000024
33544.75210815745,3110.0329686781233,1.767172423591631e-05,18.663075040065188,19.684852357162015,0.020390320977750204,1.0,8.57069524508485e+24,36693.1534122255,-2.9045226130653266,0.0,1.0000000000000009,1.0000000000000009
34136.46191388415,3377.84663928062,2.012986936365984e-05,16.967154362625546,18.443831523376087,0.020390320977750308,1.0,8.571072448132867e+24,37549.73994950162,-2.8643216080402008,0.0,0.9999999999999998,0.9999999999999998
34771.86838476475,3678.375443941596,2.3006691491478223e-05,15.403337801567135,17.252202229238925,0.020390320977750318,1.0,8.571421626599768e+24,38482.91978206482,-2.8241206030150754,0.0,1.000000000000001,1.000000000000001
35454.44526032813,4017.120569758332,2.6392860254952502e-05,13.95943642844124,16.107509478165777,0.020390320977750308,1.0,8.571744764593653e+24,39501.6531927069,-2.7839195979899496,0.0,1.0000000000000018,1.0000000000000018
36188.149531581555,4400.849003924802,3.0404530191766903e-05,12.624303000759907,15.007296954013047,0.020390320977750308,1.0,8.572043656290524e+24,40616.650556186636,-2.7437185929648242,0.0,1.0000000000000013,1.0000000000000013
36977.50934822307,4837.983569204078,3.519261843179789e-05,11.387717495086338,13.949088649110633,0.020390320977750204,1.0,8.572319976040024e+24,41840.850149084945,-2.7035175879396984,0.0,1.0000000000000024,1.0000000000000024
37827.73346445227,5339.15040282682,4.095640068205927e-05,10.240279533974295,12.930363474827027,0.020390320977750297,1.0,8.572575371754524e+24,43190.07494156527,-2.6633165829145726,0.0,1.000000000000002,1.000000000000002
38744.849624085036,5917.965701625,4.796396109474453e-05,9.173305807762242,11.94851969267956,0.020390320977750204,1.0,8.572811194840097e+24,44683.95758949541,-2.6231155778894473,0.0,1.0000000000000027,1.0000000000000027
39735.87679423262,6592.196257289207,5.658388592863833e-05,8.178728387726967,11.000824592272206,0.020390320977750318,1.0,8.573028856883374e+24,46347.27305140669,-2.5829145728643215,0.0,1.0000000000000024,1.0000000000000024
40809.04235674696,7385.526538025252,6.733614240550084e-05,7.248990471236986,10.084340664471375,0.02039032097775034,1.0,8.573229628427725e+24,48211.92268356504,-2.542713567839196,0.0,1.0000000000000016,1.0000000000000016
41974.04795401263,8330.349426011806,8.097721616999433e-05,6.376932508685763,9.195814530306121,0.020390320977750308,1.0,8.573414699186973e+24,50319.990598361626,-2.5025125628140703,0.0,1.0000000000000004,1.0000000000000004
43242.37728793385,9472.372587582893,9.86498740280906e-05,5.555658505517522,8.331503041452374,0.020390320977750235,1.0,8.573585055011355e+24,52728.65752603456,-2.4623115577889445,0.0,1.0000000000000009,1.0000000000000009
44627.59141608521,10878.64083117208,0.000122163226305849,4.778365401279262,7.486888714283735,0.020390320977750214,1.0,8.57374203540102e+24,55518.51801385706,-2.422110552763819,0.0,1.0000000000000009,1.0000000000000009
46145.395574065195,12652.472987205096,0.0001545582546165563,4.038103966045018,6.656187118659493,0.02039032097775036,1.0,8.573886674541627e+24,58808.58339723422,-2.3819095477386933,0.0,1.0000000000000016,1.0000000000000016
47812.68882015099,14963.737011755667,0.000201368674897095,3.327418120848366,5.831438081123099,0.020390320977750318,1.0,8.574019587715801e+24,62785.60527979828,-2.341708542713568,0.0,1.0000000000000013,1.0000000000000013
49642.55317936045,18117.41234244387,0.0002738307599967001,2.6377822535247613,5.00069663211121,0.02039032097775033,1.0,8.574142260712437e+24,67767.6246648417,-2.301507537688442,0.0,0.9999999999999998,0.9999999999999998
51621.58201415966,22733.43678664578,0.00039871785693650313,1.958889272816378,4.144181632208524,0.020390320977750256,1.0,8.574255571696555e+24,74361.14266074929,-2.2613065326633164,0.0,1.0000000000000013,1.0000000000000013
53592.80037276742,30310.65483020866,0.0006576212679343295,1.2801180041496623,3.226886570529788,0.020390320977750214,1.0,8.574360489833963e+24,83907.98325549299,-2.221105527638191,0.0,1.0000000000000009,1.0000000000000009
54539.99528471199,44843.231707790925,0.0013898301480374064,0.62730885558847,2.2196820020520276,0.02039032097775035,1.0,8.574453313624733e+24,99386.0957635117,-2.180904522613065,0.0,1.0000000000000013,1.0000000000000013
51823.77300656431,66859.06009643181,0.0034218470291795294,0.23004374039206688,1.41462500121621,0.020390320977750277,1.0,8.574508093907373e+24,118684.50158390573,-2.14070351758794,0.0,1.0,1.0
47547.773189386986,84154.79202608144,0.006440142114466798,0.10289111371823541,1.0311548746480634,0.020390320977750204,1.0,8.574527548809028e+24,131703.7260919199,-2.100502512562814,0.0,1.0000000000000009,1.0000000000000009
43709.15632783035,96462.91558498358,0.010013226375252536,0.05592213807343498,0.8269601982508001,0.02039032097775036,1.0,8.5745361285955e+24,140172.9851986976,-2.0603015075376883,0.0,1.0000000000000013,1.0000000000000013
40395.81929807364,105932.86742221571,0.014137959335920502,0.03382977176874999,0.6959503548400701,0.02039032097775034,1.0,8.57454099759545e+24,146329.45102869626,-2.020100502512563,0.0,0.9999999999999992,0.9999999999999992
37502.704834776836,113633.00212616735,0.0188747797028814,0.021840181668538888,0.6023247082977901,0.020390320977750225,1.0,8.574544182952073e+24,151136.37039093484,-1.9798994974874375,0.0,1.0000000000000009,1.0000000000000009
34941.61270153729,120118.74351444744,0.02429594433129405,0.014728721889903554,0.530890229656996,0.020390320977750235,1.0,8.574546454045095e+24,155060.9465212016,-1.9396984924623117,0.0,1.0000000000000018,1.0000000000000018
32648.704002283735,125713.01042354906,0.03048082191616511,0.010249865673233894,0.47397811331727446,0.02039032097775036,1.0,8.574548168044668e+24,158362.24952495468,-1.899497487437186,0.0,1.0000000000000022,1.0000000000000022
30577.496425769947,130620.77241308115,0.03751619294241778,0.007304626959933162,0.4272304949942814,0.02039032097775035,1.0,8.574549514614032e+24,161198.76128048697,-1.8592964824120601,0.0,1.0000000000000018,1.0000000000000018
28693.220963661017,134980.97145652908,0.04549719339386758,0.005303797729558626,0.38795318459977246,0.02039032097775034,1.0,8.574550604485079e+24,163674.65156468676,-1.8190954773869343,0.0,1.0000000000000024,1.0000000000000024
26969.138376460618,138892.62891941643,0.054528351317715044,0.003909531627033905,0.35437284993498297,0.020390320977750318,1.0,8.574551507013195e+24,165862.2004969309,-1.7788944723618094,0.0,1.0000000000000018,1.0000000000000018
25384.170615261533,142429.13128531948,0.06472466454688096,0.0029178912550716102,0.32526454077733385,0.020390320977750287,1.0,8.574552268053857e+24,167813.71519799856,-1.7386934673366836,0.0,0.9999999999999998,0.9999999999999998
23921.3462858245,145646.594160066,0.07621273455449636,0.0022006787289087764,0.2997490755591615,0.020390320977750297,1.0,8.57455291925612e+24,169568.3389987003,-1.6984924623115578,0.0,1.000000000000001,1.000000000000001
22566.751343159784,148589.0350297701,0.08913197939443859,0.0016746246913336958,0.2771755060434096,0.020390320977750235,1.0,8.574553483240466e+24,171156.174745361,-1.658291457286432,0.0,1.000000000000001,1.000000000000001
21308.800773771614,151291.71942199397,0.10363594527884006,0.001284164202661345,0.25704929565725104,0.02039032097775033,1.0,8.574553976649264e+24,172600.9025554917,-1.6180904522613062,0.0,0.9999999999999997,0.9999999999999997
20137.71995943082,153783.40808570484,0.11989373286811386,0.0009913729541002703,0.23898650808046826,0.020390320977750235,1.0,8.574554412029491e+24,173921.5083070705,-1.5778894472361804,0.0,1.000000000000001,1.000000000000001
19045.166558256544,156087.9149371078,0.13809155560036765,0.000769866430044058,0.22268351285036111,0.020390320977750214,1.0,8.57455479903941e+24,175133.46343062018,-1.5376884422110555,0.0,1.0000000000000018,1.0000000000000018
18023.94901924679,158225.21695864774,0.1584344471662742,0.0006009844598926704,0.20789632785780962,0.020390320977750287,1.0,8.574555145248759e+24,176249.553299975,-1.4974874371859297,0.0,1.0000000000000016,1.0000000000000016
17067.813460870966,160212.26308849067,0.18114812725874635,0.000471340633518782,0.19442616074148925,0.020390320977750214,1.0,8.574555456684477e+24,177280.47298531124,-1.457286432160804,0.0,1.0000000000000018,1.0000000000000018
16171.279057305117,162063.57695400974,0.20648105517916582,0.0003712115551300379,0.18210904598829564,0.020390320977750225,1.0,8.574555738211642e+24,178235.26536294856,-1.417085427135678,0.0,1.0000000000000016,1.0000000000000016
15329.509535305744,163791.7132267205,0.23470667716939517,0.00029345669982975577,0.17080827320812106,0.020390320977750256,1.0,8.574555993806197e+24,179121.6489607543,-1.3768844221105523,0.0,1.000000000000003,1.000000000000003
14538.211188515214,165407.60930471626,0.26612589586461544,0.0002327811260165297,0.16040875071561825,0.020390320977750287,1.0,8.574556226752679e+24,179946.26765098018,-1.3366834170854274,0.0,1.0000000000000044,1.0000000000000044
13793.551134651794,166920.85992270638,0.301069777818434,0.00018522430366753076,0.1508127446140009,0.020390320977750256,1.0,8.574556439791736e+24,180714.88351542587,-1.2964824120603016,0.0,1.000000000000004,1.000000000000004
13092.090902930879,168339.93467206453,0.33990253072191373,0.00014780073049062842,0.14193660911068498,0.020390320977750287,1.0,8.574556635230315e+24,181432.52795225693,-1.2562814070351758,0.0,1.0000000000000024,1.0000000000000024
12430.732205964645,169672.35183913773,0.3830247624116002,0.0001182441118966103,0.13370824817207494,0.020390320977750214,1.0,8.5745568150257e+24,182103.62128667807,-1.21608040201005,0.0,1.0000000000000018,1.0000000000000018
11806.671927301442,170924.81938426787,0.4308770689062697,9.482319052251828e-05,0.1260651177591487,0.02039032097775034,1.0,8.574556980851165e+24,182732.06873890015,-1.1758793969849242,0.0,1.000000000000001,1.000000000000001
11217.364720248233,172103.34990134908,0.48394396651212207,7.620782310976163e-05,0.1189526399312948,0.02039032097775035,1.0,8.574557134146403e+24,183321.33798473256,-1.1356783919597992,0.0,1.0000000000000024,1.0000000000000024
10660.491593692113,173213.35536117855,0.5427582066881332,6.137069190585022e-05,0.11232293040116435,0.020390320977750235,1.0,8.574557276157865e+24,183874.5224876994,-1.0954773869346734,0.0,1.0000000000000036,1.0000000000000036
10133.93324551657,174259.72598636648,0.6079055228104431,4.951456224106468e-05,0.1061337673246905,0.02039032097775035,1.0,8.574557407970951e+24,184394.39371100868,-1.0552763819095476,0.0,1.0000000000000018,1.0000000000000018
9635.747500072093,175246.89603166239,0.6800298251759874,4.0018040162568585e-05,0.10034775119916588,0.020390320977750214,1.0,8.574557530535546e+24,184883.44433964984,-1.0150753768844218,0.0,1.0000000000000016,1.0000000000000016
9164.149863113884,176178.89942655325,0.7598389177670639,3.2394836033037885e-05,0.094931612508792,0.020390320977750245,1.0,8.574557644687126e+24,185343.92448291322,-0.974874371859296,0.0,1.0000000000000033,1.0000000000000033
8717.49683729298,177059.41686102925,0.8481107652592532,2.6262978343364743e-05,0.08985563895913995,0.020390320977750277,1.0,8.574557751163463e+24,185777.8720813104,-0.9346733668341711,0.0,1.0000000000000007,1.0000000000000007
8294.271449047003,177891.8160091865,0.9457003764071693,2.1321408041417594e-05,0.08509319760741749,0.020390320977750225,1.0,8.574557850619486e+24,186187.1386634499,-0.8944723618090453,0.0,1.0000000000000027,1.0000000000000027
7893.070669088595,178679.18601420603,1.0535473571683762,1.7332087576802594e-05,0.08062033412051688,0.020390320977750287,1.0,8.574557943638017e+24,186573.411258639,-0.8542713567839195,0.0,1.0000000000000013,1.0000000000000013
7512.594407072733,179424.36724868586,1.172684203739901,1.4106256108003774e-05,0.07641543454470752,0.02039032097775036,1.0,8.574558030740222e+24,186938.2311598241,-0.8140703517587937,0.0,1.0000000000000022,1.0000000000000022
7151.635853572673,180129.97710011253,1.304245405103378,1.1493820885820095e-05,0.07245893842465587,0.020390320977750297,1.0,8.574558112393328e+24,187283.01005984354,-0.7738693467336679,0.0,1.0000000000000016,1.0000000000000016
6809.072966433143,180798.43242179515,1.4494774351372686,9.375133740518229e-06,0.06873309420589044,0.020390320977750245,1.0,8.574558189017775e+24,187609.04399845374,-0.733668341708543,0.0,0.9999999999999993,0.9999999999999993
6483.860937338202,181431.9691643674,1.6097497214343472,7.654590803597972e-06,0.06522174969679521,0.02039032097775033,1.0,8.574558260992968e+24,187917.52547115227,-0.6934673366834172,0.0,1.0000000000000018,1.0000000000000018
6175.025502936815,182032.65960990594,1.786566685917686,6.255632598686963e-06,0.061910171771863275,0.020390320977750318,1.0,8.57455832866205e+24,188209.55398627705,-0.6532663316582914,0.0,1.0000000000000024,1.0000000000000024
5881.656984328075,182602.4275615367,1.981580962936734,5.116824472367916e-06,0.058784890564208984,0.020390320977750245,1.0,8.574558392336459e+24,188486.1453071561,-0.6130653266331656,0.0,1.0000000000000024,1.0000000000000024
5602.904959871202,183143.0617778881,2.1966079095531352,4.1887739387243975e-06,0.05583356429498161,0.02039032097775034,1.0,8.574558452299503e+24,188748.23957374287,-0.5728643216080398,0.0,1.000000000000001,1.000000000000001
5337.97348799378,183656.22789807033,2.433641535977395,3.431698858668585e-06,0.05304486154485118,0.020390320977750318,1.0,8.574558508809381e+24,188996.7084662143,-0.5326633165829149,0.0,1.0000000000000027,1.0000000000000027
5086.116813109998,184143.4790587447,2.6948719939163333,2.8135035934512556e-06,0.05040835836985972,0.02039032097775035,1.0,8.574558562102056e+24,189232.36154534144,-0.4924623115577891,0.0,1.0000000000000022,1.0000000000000022
4846.6354924693005,184606.26538007252,2.9827047787050924,2.3082529599944947e-06,0.04791444805357207,0.020390320977750287,1.0,8.57455861239343e+24,189455.9518843978,-0.4522613065326633,0.0,1.0000000000000027,1.0000000000000027
4618.872901594584,185045.9424534494,3.2997818036244957,1.8949587248028469e-06,0.0455542617668821,0.020390320977750308,1.0,8.574558659881869e+24,189668.1810833253,-0.4120603015075375,0.0,0.9999999999999991,0.9999999999999991
4402.212052613126,185463.77899175914,3.6490045599389025,1.5566123269190262e-06,0.043319598387602756,0.02039032097775034,1.0,8.574558704749463e+24,189869.70376040819,-0.37185929648241167,0.0,1.0000000000000018,1.0000000000000018
4196.072723705733,185860.96368994776,4.033559521028334,1.2794122288406936e-06,0.04120286257130751,0.020390320977750245,1.0,8.574558747163929e+24,190061.13156763747,-0.33165829145728676,0.0,1.000000000000002,1.000000000000002
3999.9088350497013,186238.61144293862,4.456946053326823,1.052145405849319e-06,0.03919700966241207,0.020390320977750287,1.0,8.574558787279861e+24,190243.03681242443,-0.29145728643216096,0.0,1.0000000000000038,1.0000000000000038
3813.2060492369183,186597.76896839205,4.923007085066489,8.656912746176627e-07,0.037295496602007754,0.02039032097775034,1.0,8.574558825240493e+24,190415.9557113973,-0.25125628140703515,0.0,1.0000000000000016,1.0000000000000016
3635.4795989519157,186939.4199108901,5.435962741202175,7.12623117589943e-07,0.035492238320420234,0.02039032097775035,1.0,8.574558861177694e+24,190580.39135585516,-0.21105527638190935,0.0,1.0000000000000042,1.0000000000000042
3466.2722786384916,187264.4894859808,6.000447327246912,5.868872497229272e-07,0.03378156854083282,0.020390320977750318,1.0,8.574558895214286e+24,190736.81638442294,-0.17085427135678355,0.0,1.0000000000000018,1.0000000000000018
3305.152604607652,187573.84871512084,6.621549956503566,4.835443657846786e-07,0.03215820465449981,0.020390320977750235,1.0,8.574558927463761e+24,190885.67541869415,-0.13065326633165864,0.0,1.0000000000000013,1.0000000000000013
3151.713132246796,187868.31829539055,7.304859154951788,3.985606975600749e-07,0.030617216229213744,0.020390320977750266,1.0,8.574558958031895e+24,191027.38729472805,-0.09045226130653283,0.0,1.0000000000000027,1.0000000000000027
3005.5689009014322,188148.67214437513,8.056511887930789,3.286391350456855e-07,0.029153996584722196,0.020390320977750225,1.0,8.57455898701682e+24,191162.3471018107,-0.05025125628140703,0.0,0.9999999999999992,0.9999999999999992
2866.3560014637287,188415.6406535502,8.883247428508179,2.710824818887978e-07,0.027764237148566306,0.020390320977750318,1.0,8.574559014510142e+24,191290.9280572716,-0.010050251256281229,0.0,1.000000000000002,1.000000000000002
2733.730253558291,188669.91368095222,9.792466559536006,2.2368258618793015e-07,0.026443904259974702,0.020390320977750287,1.0,8.574559040597226e+24,191413.48323551897,0.030150753768844574,0.0,1.000000000000003,1.000000000000003
2607.365982238526,188912.14330967827,10.792296647375432,1.8463034036670467e-07,0.02518921814783994,0.02039032097775034,1.0,8.574559065357616e+24,191530.34716828793,0.07035175879397038,0.0,1.0000000000000029,1.0000000000000029
2486.954885251493,189142.94639666245,11.89166318099847,1.524425372852975e-07,0.02399663384416287,0.020390320977750235,1.0,8.574559088865804e+24,191641.8373322022,0.11055276381909529,0.0,1.0000000000000036,1.0000000000000036
2372.2049824732235,189362.90693060964,13.100368436064013,1.2590236030226082e-07,0.022862823820752998,0.020390320977750277,1.0,8.574559111191371e+24,191748.25553478964,0.1507537688442211,0.0,1.0000000000000018,1.0000000000000018
2262.839640651081,189572.57822225607,14.42917798924152,1.0401091575248031e-07,0.021784662168600005,0.02039032097775034,1.0,8.574559132399482e+24,191849.88921598357,0.1909547738693469,0.0,0.9999999999999999,0.9999999999999999
2158.596666546021,189772.48493812844,15.889915892117793,8.594771995930723e-08,0.020759210155308197,0.020390320977750287,1.0,8.57455915255123e+24,191947.01267018367,0.2311557788944727,0.0,1.0000000000000009,1.0000000000000009
2059.2274636090356,189963.12499935096,17.49556938592575,7.103845653489815e-08,0.01978370302704129,0.020390320977750287,1.0,8.574559171703855e+24,192039.88820644098,0.2713567839195985,0.0,1.0000000000000022,1.0000000000000022
1964.496245529412,190144.97135285422,19.260404163270795,5.8728642795143584e-08,0.01885553791676393,0.020390320977750225,1.0,8.574559189911154e+24,192128.76724846454,0.3115577889447234,0.0,1.000000000000003,1.000000000000003
1874.1793022227257,190318.4736337118,21.20009128286048,4.856210439791437e-08,0.01797226275015334,0.020390320977750245,1.0,8.574559207223633e+24,192213.8913898497,0.3517587939698492,0.0,1.0000000000000024,1.0000000000000024
1788.064317021508,190484.05972252975,23.33184689213551,4.016336659909204e-08,0.01713156608085784,0.020390320977750297,1.0,8.574559223688637e+24,192295.49340837062,0.391959798994975,0.0,1.0000000000000024,1.0000000000000024
1705.9497248583982,190642.1372179262,25.674586247079553,3.322323798759898e-08,0.016331267706065876,0.02039032097775035,1.0,8.574559239350989e+24,192373.7982506536,0.4321608040201008,0.0,1.0000000000000036,1.0000000000000036
1627.6441147556316,190793.0948241127,28.249093407041478,2.7487000111552224e-08,0.01556931005120214,0.020390320977750297,1.0,8.574559254252704e+24,192449.02399193385,0.4723618090452266,0.0,1.0000000000000007,1.0000000000000007
1552.9656689251951,190937.30366881512,31.078208390849632,2.2744724981641293e-08,0.014843750210679286,0.020390320977750277,1.0,8.574559268433203e+24,192521.38278022513,0.5125628140703515,0.0,0.9999999999999999,0.9999999999999999
1481.7416385445813,191075.11855563585,34.187033595625486,1.8823332164930734e-08,0.014152752611688526,0.020390320977750245,1.0,8.574559281930084e+24,192591.08177086848,0.5527638190954773,0.0,1.0000000000000016,1.0000000000000016
1413.80784940781,191206.8791647526,37.60316175328816,1.5580068708738202e-08,0.013494582205506585,0.020390320977750287,1.0,8.574559294778417e+24,192658.32406083247,0.5929648241206031,0.0,1.0000000000000009,1.0000000000000009
1349.008241026485,191332.91120064637,41.356927560241004,1.2897154212096189e-08,0.01286759819468297,0.020390320977750204,1.0,8.574559307011451e+24,192723.30962716514,0.6331658291457289,0.0,1.000000000000003,1.000000000000003
1287.1944317685231,191453.52750163293,45.48168584272535,1.0677380146148682e-08,0.012270248201229579,0.020390320977750287,1.0,8.574559318660541e+24,192786.23627982405,0.6733668341708547,0.0,1.0000000000000042,1.0000000000000042
1228.2253105730558,191569.0291144455,50.01411915641813,8.840491595896337e-09,0.01170106286054081,0.020390320977750297,1.0,8.574559329755355e+24,192847.3006355677,0.7135678391959797,0.0,1.0000000000000022,1.0000000000000022
1171.9666528033526,191679.70634107967,54.99457821998569,7.320210801211546e-09,0.011158650799343976,0.020390320977750287,1.0,8.574559340323953e+24,192906.6991210821,0.7537688442211055,0.0,1.0000000000000027,1.0000000000000027
1118.290758705059,191785.83976570028,60.46745898634122,6.0617874987022786e-09,0.010641693966681095,0.020390320977750308,1.0,8.574559350392849e+24,192964.62901541265,0.7939698492462313,0.0,1.0000000000000027,1.0000000000000027
1067.0761126552454,191887.70126648463,66.48162069493236,5.019981911117188e-09,0.010148943286248562,0.02039032097775035,1.0,8.574559359987153e+24,193021.28953910407,0.8341708542713571,0.0,1.0000000000000018,1.0000000000000018
1018.2070622448412,191985.55502130036,73.09084976460623,4.15740326952141e-09,0.009679214607954937,0.02039032097775033,1.0,8.574559369130575e+24,193076.8830028496,0.8743718592964829,0.0,1.0000000000000018,1.0000000000000018
971.5735151214233,192079.65851274866,80.35437519764095,3.443140627899088e-09,0.009231384927574342,0.020390320977750277,1.0,8.574559377845699e+24,193131.61602477706,0.9145728643216078,0.0,1.000000000000002,1.000000000000002
927.0706534025003,192170.26354100564,88.33744174622213,2.8516341285055576e-09,0.008804388862393365,0.020390320977750256,1.0,8.574559386153782e+24,193185.70083086708,0.9547738693467336,0.0,1.0000000000000022,1.0000000000000022
884.5986626508703,192257.61725273076,97.11194846347423,2.361744123450458e-09,0.008397215345108356,0.02039032097775033,1.0,8.574559394075162e+24,193239.3566513838,0.9949748743718594,0.0,1.0000000000000018,1.0000000000000018
844.0624793976646,192341.96318992786,106.75716003595353,1.955983256430383e-09,0.008008904565857448,0.020390320977750318,1.0,8.57455940162892e+24,193292.81122858895,1.0351758793969852,0.0,1.000000000000002,1.000000000000002
805.3715467035505,192423.54237776628,117.36050246450083,1.6198826675174931e-09,0.0076385450548482545,0.02039032097775035,1.0,8.574559408833364e+24,193346.30245580198,1.075376884422111,0.0,1.0000000000000036,1.0000000000000036
768.4395876849308,192502.59445023368,129.01845213589812,1.341468835541519e-09,0.0072852709938252104,0.020390320977750287,1.0,8.574559415705817e+24,193400.0801656478,1.115577889447236,0.0,1.000000000000003,1.000000000000003
733.1843890463955,192579.35883202462,141.83753263863346,1.1108315480952068e-09,0.006948259674625159,0.020390320977750287,1.0,8.574559422262696e+24,193454.4080922914,1.1557788944723617,0.0,1.000000000000001,1.000000000000001
699.527596225412,192654.0759869254,155.9354340078079,9.197670453943105e-10,0.006626729114947827,0.020390320977750318,1.0,8.574559428519641e+24,193509.56603420965,1.1959798994974875,0.0,1.000000000000002,1.000000000000002
667.3945194242169,192726.9887466704,171.44227201266636,7.614831764114892e-10,0.006319935819756331,0.02039032097775035,1.0,8.574559434491522e+24,193565.85224836483,1.2361809045226133,0.0,1.0000000000000016,1.0000000000000016
636.71394937354,192798.34373726515,188.50200841999364,6.303557255750003e-10,0.00602717267310295,0.020390320977750318,1.0,8.574559440192579e+24,193623.586112553,1.2763819095477391,0.0,1.000000000000001,1.000000000000001
607.4179824841004,192868.39292104336,207.27405663843223,5.217269814633079e-10,0.005747766953335779,0.020390320977750277,1.0,8.574559445636209e+24,193683.11109825436,1.316582914572864,0.0,1.0000000000000018,1.0000000000000018
579.4418547044667,192937.39527632706,227.9351018022718,4.317391853688616e-10,0.005481078461804598,0.020390320977750318,1.0,8.574559450835459e+24,193744.7981042337,1.3567839195979898,0.0,1.0000000000000018,1.0000000000000018
552.7237833641157,193005.61864044098,250.68117000216574,3.571967890461787e-10,0.005226497755144369,0.02039032097775034,1.0,8.574559455802464e+24,193809.04921062634,1.3969849246231156,0.0,1.0000000000000013,1.0000000000000013
527.2048166819671,193073.34174579105,275.72998793634287,2.9545251517605716e-10,0.004983444475335322,0.020390320977750235,1.0,8.574559460549007e+24,193876.30192417512,1.4371859296482414,0.0,1.000000000000001,1.000000000000001
502.82869013537726,193140.8564852356,303.32368305237327,2.443130878045697e-10,0.004751365767387956,0.020390320977750318,1.0,8.574559465086382e+24,193947.03400011035,1.4773869346733672,0.0,1.000000000000004,1.000000000000004
479.5416893405241,193208.47044933774,333.73188443076526,2.0196122277513626e-10,0.004529734779072626,0.020390320977750193,1.0,8.574559469425322e+24,194021.768943165,1.5175879396984921,0.0,1.000000000000001,1.000000000000001
457.29251876855824,193276.50978744563,367.25529810610277,1.6689106173679615e-10,0.00431804923421954,0.02039032097775033,1.0,8.574559473576066e+24,194101.08231269068,1.557788944723618,0.0,1.000000000000003,1.000000000000003
436.0321758591902,193345.32245531658,404.2298468804318,1.3785472412488164e-10,0.004115830073549323,0.020390320977750245,1.0,8.574559477548506e+24,194185.60898420739,1.5979899497487438,0.0,1.0000000000000016,1.0000000000000016
415.71382992541845,193415.2819263394,445.03148590917084,1.138180554952698e-10,0.003922620155559291,0.020390320977750287,1.0,8.57455948135225e+24,194276.05155511523,1.6381909547738696,0.0,1.0000000000000016,1.0000000000000016
396.29270520434756,193486.7914615036,490.0818324294898,9.392398430545554e-11,0.003737983009756096,0.02039032097775034,1.0,8.574559484996417e+24,194373.19012744148,1.6783919597989954,0.0,1.0000000000000036,1.0000000000000036
377.72596760684957,193560.28905587806,539.8547823057355,7.746217486352452e-11,0.0035615016365150255,0.020390320977750318,1.0,8.574559488489917e+24,194477.89375761335,1.7185929648241203,0.0,1.0000000000000042,1.0000000000000042
359.97261422192383,193636.25321042928,594.8843322698128,6.384389102286542e-11,0.0033927773432191584,0.020390320977750297,1.0,8.574559491841306e+24,194591.13394001938,1.758793969849246,0.0,1.0000000000000022,1.0000000000000022
342.9933649521479,193715.20971650194,655.7738855231856,5.258117347232955e-11,0.003231428609435189,0.020390320977750277,1.0,8.57455949505893e+24,194714.00058872692,1.7989949748743719,0.0,1.0000000000000027,1.0000000000000027
326.75055528225687,193797.73969303523,723.2073979647851,4.326958829512699e-11,0.0030770899703641387,0.020390320977750204,1.0,8.574559498150998e+24,194847.72111369323,1.8391959798994977,0.0,1.0000000000000007,1.0000000000000007
311.20802907069407,193884.4891862039,797.9628284069125,3.5573932742782226e-11,0.002929410906742819,0.020390320977750318,1.0,8.574559501125365e+24,194993.6833634134,1.8793969849246235,0.0,1.0000000000000024,1.0000000000000024
296.3310299801451,193976.18073581578,880.9285004937618,2.9216390100181486e-11,0.0027880547267291967,0.02039032097775034,1.0,8.574559503990097e+24,195153.46344466542,1.9195979899497493,0.0,1.0000000000000024,1.0000000000000024
282.08608979368904,194073.62744245204,973.1231826594279,2.3966713104169845e-11,0.0026526974217065827,0.020390320977750287,1.0,8.574559506752771e+24,195328.85975792355,1.9597989949748742,0.0,0.9999999999999996,0.9999999999999996
268.44091135623023,194177.75024999378,1075.720969543108,1.9634087809339695e-11,0.002523026472953643,0.020390320977750245,1.0,8.574559509421382e+24,195521.9350442406,2.0,0.0,1.000000000000004,1.000000000000004
