H2,H2O,O2,H2_melt,H2O_melt,O2_melt,H2_mass_atm,H2O_mass_atm,O2_mass_atm,H2_mass_melt,H2O_mass_melt,O2_mass_melt,H2_mass_tot,H2O_mass_tot,O2_mass_tot,H2_fugacity,H2O_fugacity,O2_fugacity,H2_fugacity_input,Total_Pressure
851.4110354446901,973.0797657401926,2.7188389308124406e-12,471.25270886869527,30515.979408907137,0.0,4.5649464764642734e+21,4.662522440249451e+22,231392146.8716381,1.7113542122566668e+22,1.1081877922344627e+24,0.0,2.167848859903094e+22,1.1548130166369572e+24,231392146.8716381,999.9999984419992,999.999999232027,3.624725319917558e-12,1000,1824.4908011848854
929.4338044134271,970.2535335898502,2.217025775493983e-12,495.3924597455666,30515.97941830254,0.0,5.160143134504944e+21,4.813983480225853e+22,195381188.60625738,1.7990177175660252e+22,1.1081877925756567e+24,0.0,2.3150320310165197e+22,1.1563276273779153e+24,195381188.60625738,1099.9999990713552,999.9999998477964,2.9956407667041143e-12,1100,1899.6873380032796
1006.3363391751412,967.3670741644466,1.8384767098832184e-12,518.5084772644818,30515.97942390612,0.0,5.774047664899801e+21,4.960261684205356e+22,167441868.76167956,1.8829635351859656e+22,1.1081877927791507e+24,0.0,2.4603683016759455e+22,1.1577904096212042e+24,167441868.76167956,1199.9999995390408,1000.0000002150518,2.5171703698576545e-12,1200,1973.7034133395896
1082.1607489353041,964.3677657603077,1.5462916394156225e-12,540.7244988287151,30515.979431470907,0.0,6.405671201382086e+21,5.10142644364925e+22,145289086.67490712,1.9636410174964788e+22,1.1081877930538659e+24,0.0,2.6042081376346875e+22,1.1592020574903584e+24,145289086.67490712,1300.0000008131142,1000.0000007108436,2.144807899996801e-12,1300,2046.5285146956135
1156.939867443962,961.2869140705363,1.3163390104108106e-12,562.1410536691528,30515.979422334753,0.0,7.053881794593094e+21,5.237770911049382e+22,127395434.26483554,2.0414152363995285e+22,1.1081877927220867e+24,0.0,2.746803415858838e+22,1.1605655018325805e+24,127395434.26483554,1399.9999997627729,1000.0000001120652,1.8493496627513343e-12,1400,2118.2267815144996
1230.701818813714,958.1762302825852,1.1323201553881358e-12,582.8411490771422,30515.979424626505,0.0,7.717494757602364e+21,5.369637550892538e+22,112709742.93380666,2.116587632873642e+22,1.1081877928053116e+24,0.0,2.888337108633878e+22,1.161884168314237e+24,112709742.93380666,1500.0000000110174,1000.0000002622653,1.6109890402645402e-12,1500,2188.8780490963
1303.4773241082355,955.0415384601436,9.829224487536743e-13,602.8942762527513,30515.979427139697,0.0,8.395541517720122e+21,5.497225755977796e+22,100492397.57837623,2.189410564211866e+22,1.1081877928965782e+24,0.0,3.0289647159838784e+22,1.1631600504563561e+24,100492397.57837623,1600.0000003134708,1000.0000004269787,1.4159083367999358e-12,1600,2258.51886256838
1375.295750225934,951.8869165318661,8.600939368705137e-13,622.3593087244818,30515.97932660092,0.0,9.08712576414188e+21,5.620718994329654e+22,90207997.98900755,2.260097829632956e+22,1.1081877892455124e+24,0.0,3.168810406047144e+22,1.1643949791888089e+24,90207997.98900755,1699.9999851756736,999.9999938377242,1.254230206941812e-12,1700,2327.1826667578007
1446.1851428901941,948.7158791939817,7.579803210399372e-13,641.2866598170997,30515.979358475426,0.0,9.791414083578917e+21,5.740289157094393e+22,81460706.62912963,2.3288325051257975e+22,1.108187790403035e+24,0.0,3.307973913483689e+22,1.165590681973979e+24,81460706.62912963,1799.9999896840213,999.9999959267614,1.1187423816929648e-12,1800,2394.9010220841765
1516.1722223887766,945.5315735210676,6.722447175924777e-13,659.7198794456451,30515.97938423425,0.0,1.0507629245145029e+22,5.856097766927101e+22,73952408.67987572,2.39577274220686e+22,1.1081877913384668e+24,0.0,3.4465356667213633e+22,1.1667487690077378e+24,73952408.67987572,1899.9999936776705,999.9999976149802,1.0040790392415255e-12,1900,2461.7037959098448
1585.2825067497595,942.3368839134374,5.996206288598397e-13,677.6969085442663,30515.979388320462,0.0,1.1235045425428277e+22,5.968297095535561e+22,67454892.05072607,2.4610563233785034e+22,1.1081877914868576e+24,0.0,3.584560865921331e+22,1.1678707624422132e+24,67454892.05072607,1999.9999941484307,999.9999978827881,9.061813335431883e-13,2000,2527.6193906631975
1653.540376751129,939.134462971005,5.37611023779918e-13,695.2510421826394,30515.979391238958,0.0,1.1972983704202726e+22,6.077030883131521e+22,61790893.2384438,2.524804159686255e+22,1.1081877915928427e+24,0.0,3.7221025301065273e+22,1.168958100424158e+24,61790893.2384438,2099.9999944739297,999.9999980740645,8.219331827700652e-13,2100,2592.6748397221345
1720.9691381234722,935.9267506672702,4.842814829714132e-13,712.411689424235,30515.97939464696,0.0,1.2720808074012619e+22,6.1824349657927835e+22,56820912.29141339,2.5871230501441094e+22,1.1081877917166044e+24,0.0,3.859203857545371e+22,1.1700121413745321e+24,56820912.29141339,2199.999994948351,999.9999982974233,7.489101938250862e-13,2200,2656.895888790743
1787.5910872277539,932.7159921208482,4.3811529078860244e-13,729.2049819170413,30515.979398436182,0.0,1.3477921937457351e+22,6.284637859870388e+22,52433866.93325742,2.6481078918317353e+22,1.10818779185421e+24,0.0,3.99590008557747e+22,1.1710341704529139e+24,52433866.93325742,2299.999995553888,999.9999985457667,6.852032779550103e-13,2300,2720.3070793486027
1853.427570629875,929.5042520753982,3.9791016956495553e-13,745.65426472381,30515.97940237754,0.0,1.424376495865428e+22,6.383761284618761e+22,48540353.96538048,2.707843462344516e+22,1.1081877919973403e+24,0.0,4.132219958209944e+22,1.172025404843528e+24,48540353.96538048,2399.999996244397,999.999998804081,6.292925942151217e-13,2400,2782.9318227052736
1918.499040297409,926.2934279081885,3.627035412324676e-13,761.7804963560587,30515.979406229937,0.0,1.501781023217436e+22,6.479920636667395e+22,45067715.326605745,2.7664058725170273e+22,1.1081877921372402e+24,0.0,4.268186895734463e+22,1.1729869985039141e+24,45067715.326605745,2499.999996965626,999.9999990565649,5.799560551784489e-13,2500,2844.7924682055977
1982.8251048727234,923.0852616596368,3.3171766674009166e-13,777.6025777765038,30515.979409781266,0.0,1.5799561731297526e+22,6.573225422805069e+22,41956374.552383035,2.8238637611953737e+22,1.1081877922662066e+24,0.0,4.403819934325126e+22,1.1739200464942574e+24,41956374.552383035,2599.9999976651015,999.999999289317,5.362019743827746e-13,2600,2905.9103665323605
2046.424577320129,919.8813512562683,3.043188529969632e-13,793.137625215093,30515.979412870456,0.0,1.658855200224172e+22,6.663779655730226e+22,39157081.464246355,2.8802792859686104e+22,1.1081877923783906e+24,0.0,4.539134486192783e+22,1.174825588935693e+24,39157081.464246355,2699.9999982987,999.9999994917807,4.972188406706983e-13,2700,2966.305928576398
2109.3155192281374,916.6831610043137,2.7998675809419614e-13,808.4011981081164,30515.9794153925,0.0,1.7384340075747956e+22,6.751682216634467e+22,36628815.42549599,2.9357089509296247e+22,1.1081877924699787e+24,0.0,4.674142958504421e+22,1.1757046146363233e+24,36628815.42549599,2799.9999988332797,999.9999996570741,4.623374170676466e-13,2800,3025.9986802324515
2171.5152820340018,913.4920313978339,2.5829104101360227e-13,823.4074908735874,30515.97941730748,0.0,1.818650957134765e+22,6.8370271879594175e+22,34337172.38430279,2.990204303107433e+22,1.1081877925395212e+24,0.0,4.808855260242198e+22,1.1765580644191153e+24,34337172.38430279,2899.9999992505195,999.9999997825809,4.310018253017338e-13,2900,3085.007313431836
2233.040545411981,910.3091882722352,2.38873417905542e-13,838.1694953023359,30515.979418634743,0.0,1.8994666972846852e+22,6.9199041592373555e+22,32253111.601998795,3.043812522190433e+22,1.1081877925877208e+24,0.0,4.943279219475118e+22,1.1773868341800943e+24,32253111.601998795,2999.9999995466637,999.9999998695688,4.0274726127210547e-13,3000,3143.3497336842165
2293.9073530525857,907.1357513332038,2.214337431211845e-13,852.6991388917569,30515.97941944328,0.0,1.9808440056377495e+22,7.000398508602635e+22,30351972.78625427,3.096576922885415e+22,1.1081877926170826e+24,0.0,5.0774209285231645e+22,1.178191777703109e+24,30351972.78625427,3099.9999997311784,999.9999999225599,3.771826588808676e-13,3100,3201.0431043857893
2354.1311460394913,903.972742091116,2.0571911762591688e-13,867.0074033432875,30515.979419840307,0.0,2.062747645470437e+22,7.07859166226913e+22,28612698.615987707,3.1485373852411484e+22,1.1081877926315008e+24,0.0,5.211285030711586e+22,1.1789737092541922e+24,28612698.615987707,3199.999999824531,999.9999999485809,3.53977085160295e-13,3200,3258.103888130607
2413.7267940124157,900.8210912316451,1.9151529670387942e-13,881.1044265956044,30515.9794199497,0.0,2.145144234349011e+22,7.1545613340180535e+22,27017214.779414337,3.1997307251819375e+22,1.1081877926354734e+24,0.0,5.344874959530948e+22,1.179733405975654e+24,27017214.779414337,3299.9999998530416,999.9999999557504,3.328489763182495e-13,3300,3314.547885244061
2472.7086242912455,897.6816454553237,1.786398598023255e-13,894.9995911087293,30515.979419896732,0.0,2.2280021236986134e+22,7.22838174653303e+22,25549931.893214807,3.2501910151113508e+22,1.1081877926335498e+24,0.0,5.478193138809964e+22,1.1804716100988802e+24,25549931.893214807,3399.9999998449625,999.9999999522788,3.135575564101421e-13,3400,3370.390269746569
2531.0904491183974,894.5551738177346,1.6693674230199237e-13,908.7016005994019,30515.97941978975,0.0,2.311291288208856e+22,7.300123836217874e+22,24197342.52351726,3.299949862576728e+22,1.1081877926296647e+24,0.0,5.611241150785583e+22,1.1811890309918434e+24,24197342.52351726,3499.9999998256135,999.9999999452674,2.95895947108418e-13,3500,3425.645622936132
2588.8855911653195,891.4423736027845,1.5627182826185073e-13,922.2185470240174,30515.979419709365,0.0,2.3949832241017174e+22,7.369855442971675e+22,22947692.99723112,3.3490366535177196e+22,1.1081877926267455e+24,0.0,5.7440198776194375e+22,1.1818863470564622e+24,22947692.99723112,3599.9999998141416,999.999999939999,2.7968559815355857e-13,3600,3480.327964768104
2646.106907434939,888.3438757600583,1.4652937585954628e-13,935.5579692837363,30515.97941970229,0.0,2.4790508553989016e+22,7.437641486240802e+22,21790714.46473904,3.3974787654538884e+22,1.1081877926264887e+24,0.0,5.87652962085279e+22,1.1825642074888967e+24,21790714.46473904,3699.9999998214835,999.9999999395351,2.6477175690969294e-13,3700,3534.4507831949973
2702.7668116810883,885.2602499364618,1.3760910095682933e-13,948.7269048699367,30515.979419782223,0.0,2.563468447424133e+22,7.503544128536733e+22,20717401.229554173,3.445301755035175e+22,1.1081877926293915e+24,0.0,6.008770202459309e+22,1.1832232339147588e+24,20717401.229554173,3799.99999985033,999.9999999447739,2.5101976122922257e-13,3800,3588.0270616175503
2758.8772954549936,882.1920091308414,1.2942378426271635e-13,961.7319354615071,30515.979419936208,0.0,2.6482115268606865e+22,7.567622927488734e+22,19719827.031357154,3.4925295236284626e+22,1.1081877926349834e+24,0.0,6.140741050489149e+22,1.1838640219098708e+24,19719827.031357154,3899.999999896271,999.9999999548661,2.38311988969701e-13,3900,3641.069304585835
2814.4497369525843,879.1395686966356,1.2189729001100365e-13,974.5791756406376,30515.97837484998,0.0,2.7332565710314553e+22,7.629934495214927e+22,18790990.592079613,3.5391842763389752e+22,1.108187754682677e+24,0.0,6.272440847370431e+22,1.1844870996348262e+24,18790990.592079613,3999.9995952802533,999.9999314605079,2.2654531003020096e-13,4000,3693.58930564922
2869.495795268621,876.1034391293681,1.1496296243386575e-13,987.2745234289115,30515.97854294014,0.0,2.8185819200207828e+22,7.69053463613889e+22,17924693.414572723,3.585287431832092e+22,1.1081877607868713e+24,0.0,6.403869351852875e+22,1.1850931071482602e+24,17924693.414572723,4099.999653347064,999.9999424770415,2.1562909178957661e-13,4100,3745.5992343979888
2924.0260632172944,873.0839341849597,1.0856221086203908e-13,999.8233576053794,30515.97869156737,0.0,2.904166188296421e+22,7.749475336615158e+22,17115422.537889026,3.6308585231439356e+22,1.108187766184269e+24,0.0,6.535024711440357e+22,1.1856825195504207e+24,17115422.537889026,4199.999706200997,999.9999522179858,2.0548328205241838e-13,4200,3797.109997402254
2978.0510299789753,870.0813802637264,1.0264340689471541e-13,1012.2307985058414,30515.97882177384,0.0,2.9899892597675465e+22,7.80680705826566e+22,16358266.237620952,3.675916144773963e+22,1.1081877709127169e+24,0.0,6.665905404541509e+22,1.1862558414953735e+24,16358266.237620952,4299.999753802197,999.9999607516437,1.960370550915393e-13,4300,3848.1324102427016
3031.5808504562933,867.0960656340334,9.716091622423689e-14,1024.5016732077554,30515.97893470037,0.0,3.0760319593302765e+22,7.862578276846673e+22,15648834.967038874,3.720477826253964e+22,1.1081877750136439e+24,0.0,6.79650978558424e+22,1.1868135577821106e+24,15648834.967038874,4399.999796197894,999.9999681527846,1.8722754099138888e-13,4400,3898.676916090327
3084.62535994008,864.1282433441861,9.207429028773919e-14,1036.6405385825196,30515.979031646984,0.0,3.1622760015970804e+22,7.91683558283798e+22,14983195.565378848,3.76456011586242e+22,1.1081877785342601e+24,0.0,6.9268361174595005e+22,1.18735613436264e+24,14983195.565378848,4499.999833548295,999.9999745066106,1.7899877684877656e-13,4500,3948.7536032842663
3137.194087917246,861.1781339080085,8.734758157786364e-14,1048.651702057147,30515.979113952126,0.0,3.248703943030189e+22,7.969623775585517e+22,14357815.0061103,3.8081786560205296e+22,1.1081877815231715e+24,0.0,7.056882599050718e+22,1.1878840192790267e+24,14357815.0061103,4599.999866076225,999.999979900843,1.7130081579999414e-13,4600,3998.3722218252547
3189.2962711231276,858.2459277900837,8.294876153653026e-14,1060.5392403669741,30515.97918290668,0.0,3.3352991372512533e+22,8.020985951585905e+22,13769512.12776296,3.851348251392666e+22,1.1081877840272562e+24,0.0,7.18664738864392e+22,1.1883976435431152e+24,13769512.12776296,4699.999894031139,999.9999844200853,1.640889673082006e-13,4700,4047.542198913211
3240.9408659023225,855.3317877094626,7.884922390189793e-14,1072.3070165358213,30515.979239780743,0.0,3.422045693286367e+22,8.070963587386089e+22,13215416.071333878,3.894082930549835e+22,1.1081877860926377e+24,0.0,7.316128623836202e+22,1.1888974219664985e+24,13215416.071333878,4799.99991769604,999.9999881475791,1.5732314706964844e-13,4800,4096.272653611785
3292.136559867526,852.4358507639267,7.502335951881553e-14,1083.9586952713887,30515.979285671518,0.0,3.5089284364490917e+22,8.119596617371865e+22,12692930.373609923,3.936396001878048e+22,1.1081877877591612e+24,0.0,7.44532443832714e+22,1.1893837539328799e+24,12692930.373609923,4899.999937318954,999.9999911552344,1.5096731882044432e-13,4900,4144.572410631453
3342.891782967302,849.5582304026417,7.144819114646275e-14,1095.4977569676803,30515.97932151792,0.0,3.5959328717293377e+22,8.166923506966846e+22,12199701.849094663,3.978300104428131e+22,1.1081877890609233e+24,0.0,7.57423297615747e+22,1.1898570241305917e+24,12199701.849094663,4999.999953107014,999.9999935045872,1.4498901349760525e-13,5000,4192.450013369944
3393.214717960137,846.699018251623,6.810305881514381e-14,1106.9275104568003,30515.979348091194,0.0,3.683045149445854e+22,8.212981321489006e+22,11733593.539773539,4.01980725422387e+22,1.1081877900259317e+24,0.0,7.702852403669725e+22,1.1903176032408217e+24,11733593.539773539,5099.999965196777,999.9999952461844,1.3935891373446703e-13,5100,4239.91373621176
3443.113310420771,843.8582858234238,6.496934792523056e-14,1118.2511046651712,30515.97936644507,0.0,3.7702520330896166e+22,8.25780579117923e+22,11292661.13301742,4.060928886591569e+22,1.1081877906924528e+24,0.0,7.831180919681187e+22,1.1907658486042451e+24,11292661.13301742,5199.999973790879,999.9999964490872,1.3405049374355293e-13,5200,4286.971596244195
3492.5952784096385,841.0360861333065,6.203025361584163e-14,1129.4715393140184,30515.979379171036,0.0,3.8575408693326006e+22,8.30143137285682e+22,10875132.347425174,4.101675895018858e+22,1.1081877911545962e+24,0.0,7.959216764351458e+22,1.1912021048831645e+24,10875132.347425174,5299.9999796778,999.9999972831399,1.2903970632789254e-13,5300,4333.631364542945
3541.668121439467,838.2324550719177,5.92705760498931e-14,1140.5916746654702,30515.97938896196,0.0,3.944899559768975e+22,8.34389130718748e+22,10479388.87397354,4.142058666547655e+22,1.1081877915101536e+24,0.0,8.08695822631663e+22,1.1916267045820284e+24,10479388.87397354,5399.999984242696,999.9999979248316,1.2430471019255558e-13,5400,4379.900576511385
3590.3391266294934,835.447412158995,5.667654198415404e-14,1151.6142398887193,30515.979384596954,0.0,4.032316531616131e+22,8.385217667363973e+22,10103950.496596714,4.182087112155884e+22,1.1081877913516384e+24,0.0,8.214403643772016e+22,1.1920399680252782e+24,10103950.496596714,5499.999984234518,999.9999976387514,1.1982563147219776e-13,5500,4425.7865387884885
3638.615377734688,832.6809623453413,5.4235648645758683e-14,1162.5418415297588,30515.97935258441,0.0,4.119780712778234e+22,8.425441414431955e+22,9747461.055583943,4.221770697515319e+22,1.1081877901891029e+24,0.0,8.341551410293554e+22,1.1924422043334224e+24,9747461.055583943,5599.999973873933,999.9999955406674,1.1558435435248194e-13,5600,4471.296340080029
3686.503768035914,829.9330982495679,5.193652739427407e-14,1173.3769723396283,30515.979304082408,0.0,4.207281514175326e+22,8.464592457402756e+22,9408676.122253088,4.261118475051361e+22,1.1081877884277526e+24,0.0,8.468399989226686e+22,1.1928337130017802e+24,9408676.122253088,5699.999956470513,999.9999923618735,1.1156433806093306e-13,5700,4516.436866285482
3734.011009980421,827.2038016441209,4.976882410375748e-14,1184.1220188099571,30515.979286126145,0.0,4.294808810212841e+22,8.502699704001825e+22,9086452.101256367,4.300139111308359e+22,1.108187787775671e+24,0.0,8.5949479215212e+22,1.1932147848156892e+24,9086452.101256367,5799.999950075036,999.9999911850302,1.0775045581090849e-13,5800,4561.214811624542
3781.143636194941,824.4930432456148,4.772309372608352e-14,1194.7792661689448,30515.979351958802,0.0,4.38235291045388e+22,8.539791091250639e+22,8779736.52797098,4.338840905092523e+22,1.108187790166384e+24,0.0,8.721193815546404e+22,1.1935857010788904e+24,8779736.52797098,5899.999974502415,999.9999954996653,1.0412885209091581e-13,5900,4605.636679440556
3827.90798305581,821.8007775325058,4.579070698052574e-14,1205.3508986390873,30515.9794147357,0.0,4.469904515642099e+22,8.575893568805946e+22,8487559.3869744,4.3772317884078455e+22,1.1081877924461268e+24,0.0,8.847136304049944e+22,1.1939467281341863e+24,8487559.3869744,5999.999997305012,999.9999996140275,1.0068681532929851e-13,6000,4649.708760588315
3874.3102247888933,819.1269505017942,4.396376843163791e-14,1215.8390117622657,30515.979413191144,0.0,4.557454728982461e+22,8.611033205117148e+22,8209025.466298592,4.415319371214668e+22,1.1081877923900363e+24,0.0,8.97277410019713e+22,1.1942981244412077e+24,8209025.466298592,6099.99999692654,999.9999995127986,9.741266731687084e-14,6100,4693.437175290687
3920.3563956022567,816.4715052673769,4.2235043956484546e-14,1226.2456215239167,30515.979425887603,0.0,4.644995053417585e+22,8.645235267955548e+22,7943307.531760727,4.4531109745641036e+22,1.1081877928511083e+24,0.0,9.098106027981688e+22,1.1946401455306638e+24,7943307.531760727,6200.000001958442,1000.0000003449171,9.429566475629396e-14,6200,4736.827900869634
3966.052356715154,813.8343723152942,4.05978960694308e-14,1236.5726595143572,30515.97942064762,0.0,4.732517335144019e+22,8.678524161049418e+22,7689640.180709387,4.490613613026388e+22,1.1081877926608184e+24,0.0,9.223130948170406e+22,1.1949730342713126e+24,7689640.180709387,6300.000000008917,1000.0000000014918,9.132590979937864e-14,6300,4779.886729030448
4011.4038282933625,811.2154770731435,3.904622638033594e-14,1246.8219838563657,30515.979420650812,0.0,4.820013775261534e+22,8.710923523274139e+22,7447314.309090107,4.527834034374393e+22,1.1081877926609343e+24,0.0,9.347847809635928e+22,1.1952970278936757e+24,7447314.309090107,6400.000000010308,1000.0000000017009,8.849427150001015e-14,6400,4822.619305366506
4056.416381112824,808.6147370966472,3.7574424965612357e-14,1256.9953799541909,30515.97942065442,0.0,4.907476900158408e+22,8.742456226983683e+22,7215672.2712422665,4.564778722303644e+22,1.1081877926610654e+24,0.0,9.472255622462052e+22,1.1956123549309022e+24,7215672.2712422665,6500.000000011953,1000.0000000019375,8.579231624636041e-14,6500,4865.031118209471
4101.095446973218,806.0320640434019,3.61773245007277e-14,1267.0945656411259,30515.979420658525,0.0,4.994899552792723e+22,8.773144421484706e+22,6994103.3925143,4.601453915125749e+22,1.1081877926612142e+24,0.0,9.596353467918471e+22,1.1959192368760613e+24,6994103.3925143,6600.000000013789,1000.0000000022062,8.321224431225595e-14,6600,4907.12751101662
4145.446322669498,803.4673640002874,3.4850159622913684e-14,1277.1211945342272,30515.979420663203,0.0,5.082274878177291e+22,8.803009559613275e+22,6782039.997042231,4.637865617951046e+22,1.1081877926613843e+24,0.0,9.720140496128338e+22,1.196217888257517e+24,6782039.997042231,6700.0000000159125,1000.0000000025128,8.074683366335323e-14,6700,4948.913686669785
4195.540068473969,804.8118137759776,1.2875230446434857e-14,1288.7422601404755,30601.70403313896,0.0,5.168807084983286e+22,8.86079871741727e+22,2517828.7131956783,4.680067517700136e+22,1.1113008819634414e+24,0.0,9.848874602683421e+22,1.199908869137614e+24,2517828.7131956783,6816.796991347154,1005.6262339733506,7.889082784859579e-14,6800,5000.351882249946
4233.184040840315,798.3914820188534,1.2367965446436533e-14,1296.9630945000554,30515.979409676023,0.0,5.256857557609861e+22,8.86035315336087e+22,2437957.0095341,4.709921477676951e+22,1.1081877922623848e+24,0.0,9.96677903528681e+22,1.1967913237959935e+24,2437957.0095341,6899.999994657299,999.9999992824194,7.613369772634489e-14,6900,5031.575522859168
4276.580844338528,795.8800892006359,1.194471514698285e-14,1306.7813810736425,30515.979409934913,0.0,5.3440526010480234e+22,8.887871275799242e+22,2369291.8246400417,4.745576585368933e+22,1.1081877922717863e+24,0.0,1.0089629186416956e+23,1.1970665050297788e+24,2369291.8246400417,6999.999994732619,999.9999992993869,7.397398671148554e-14,7000,5072.460933539163
4319.6693835075675,793.3862476171635,1.1541263171707304e-14,1316.5331463960486,30515.979410209195,0.0,5.431175667722402e+22,8.914645714381418e+22,2303379.018804358,4.78099012113725e+22,1.1081877922817469e+24,0.0,1.0212165788859653e+23,1.197334249425561e+24,2303379.018804358,7099.999994817117,999.9999993173632,7.19048869068891e-14,7100,5113.055631124731
4362.4543450194105,790.9098423994346,1.1156436639579653e-14,1326.2197686974546,30515.979410502765,0.0,5.5182212306306165e+22,8.940694823325745e+22,2240074.3688382288,4.8161670900248065e+22,1.108187792292408e+24,0.0,1.0334388320655424e+23,1.1975947405256654e+24,2240074.3688382288,7199.999994913049,999.9999993366037,6.99213994809658e-14,7200,5153.364187418845
4404.940305257915,788.4507556481898,1.078914656611198e-14,1335.842578967833,30515.979410837368,0.0,5.605183995956394e+22,8.966036405724412e+22,2179242.9993827003,4.851112325521686e+22,1.1081877923045591e+24,0.0,1.045629632147808e+23,1.1978481563618032e+24,2179242.9993827003,7299.999995032042,999.9999993585333,6.801886562621257e-14,7300,5193.391060906104
4447.131733846708,786.0088667560499,1.0438380849642399e-14,1345.4028631969995,30515.979411207056,0.0,5.692058893447796e+22,8.99068773396735e+22,2120758.6617294345,4.885830497699904e+22,1.1081877923179842e+24,0.0,1.0577889391147699e+23,1.1980946696576577e+24,2120758.6617294345,7399.999995171714,999.9999993827624,6.619293917745088e-14,7400,5233.140600602757
4489.032997047486,783.5840527091403,1.0103197926946907e-14,1354.9018644830044,30515.979411605073,0.0,5.7788410672684424e+22,9.01466556927192e+22,2064503.077050543,4.920326120870031e+22,1.1081877923324382e+24,0.0,1.0699167188138472e+23,1.1983344480251575e+24,2064503.077050543,7499.999995329116,999.9999994088482,6.443956176888899e-14,7500,5272.617049756626
4530.648361014046,781.176188365813,9.782721026502058e-15,1364.340785013449,30515.979412014913,0.0,5.865525867269032e+22,9.037986180323365e+22,2010365.3375062726,4.954603560776341e+22,1.1081877923473215e+24,0.0,1.0820129428045373e+23,1.1985676541505552e+24,2010365.3375062726,7599.999995496181,999.9999994357089,6.275494026392284e-14,7600,5311.824549379859
4571.981994925985,778.7851467171481,9.476132956304242e-15,1373.7207879328448,30515.979412451426,0.0,5.952108840677026e+22,9.06066536110831e+22,1958241.3594570265,4.9886670413781264e+22,1.1081877923631736e+24,0.0,1.0940775882055152e+23,1.1987944459742567e+24,1958241.3594570265,7699.999995681024,999.9999994643179,6.113552622355383e-14,7700,5350.767141643133
4613.037973984016,776.4107991261728,9.182671370421768e-15,1383.0429990983846,30515.97941293033,0.0,6.038585724151646e+22,9.082718447934967e+22,1908033.3836292692,5.022520651225784e+22,1.108187792380565e+24,0.0,1.1061106375377429e+23,1.1990149768599147e+24,1908033.3836292692,7799.999995892403,999.9999994957046,5.9577997205061e-14,7800,5389.448773110189
4653.820282276112,774.0530155477543,8.901624464966258e-15,1392.3085087324243,30515.979413382185,0.0,6.124952436187377e+22,9.104160335688203e+22,1859649.5176653306,5.056168349461799e+22,1.108187792396974e+24,0.0,1.1181120785649175e+23,1.199229395753856e+24,1859649.5176653306,7899.999996093894,999.9999995253191,5.807923970688631e-14,7900,5427.873297823867
4694.332815601096,771.7116647448726,8.63232705995927e-15,1401.5183729984506,30515.97941391273,0.0,6.2112050699493955e+22,9.125005493523125e+22,1813003.317017941,5.089613971543873e+22,1.1081877924162408e+24,0.0,1.1300819041493268e+23,1.199437847351472e+24,1813003.317017941,7999.999996342436,999.9999995600909,5.6636333598127316e-14,8000,5466.044480345969
4734.579384053842,769.3866144664051,8.37415702784737e-15,1410.6736154577254,30515.979414413607,0.0,6.29733988626704e+22,9.145267979623788e+22,1768013.400457127,5.12286123453473e+22,1.1081877924344302e+24,0.0,1.142020112080177e+23,1.1996404722306681e+24,1768013.400457127,8099.9999965799825,999.9999995929179,5.524653788206589e-14,8100,5503.965998520247
4774.563714667819,767.0777316392804,8.126532034854075e-15,1419.7752284836015,30515.97941495931,0.0,6.383353307138393e+22,9.164961455651984e+22,1724603.0970701147,5.155913742238199e+22,1.1081877924542474e+24,0.0,1.1539267049376592e+23,1.1998374070107672e+24,1724603.0970701147,8199.999996847371,999.9999996286829,5.3907277671275954e-14,8200,5541.6414463071
4814.289453821261,764.78488252298,7.888906563822742e-15,1428.8241745658675,30515.97941551952,0.0,6.469241909349227e+22,9.184099200312841e+22,1682700.1217063407,5.188774989935948e+22,1.1081877924745913e+24,0.0,1.1658016899285175e+23,1.2000287844777197e+24,1682700.1217063407,8299.999997128389,999.9999996653988,5.261613225132123e-14,8300,5579.074336344242
4853.76016964544,762.507932868596,7.660769191712186e-15,1437.821387567437,30515.979416137066,0.0,6.5550024184904985e+22,9.202694122540555e+22,1642236.2763601535,5.221448368951147e+22,1.1081877924970175e+24,0.0,1.1776450787441646e+23,1.200214733722423e+24,1642236.2763601535,8399.999997447492,999.9999997058725,5.1370824135292286e-14,8400,5616.268102514036
4892.979354267958,760.2467480533861,7.441640096982466e-15,1446.7677738959853,30515.979416733127,0.0,6.64063170313991e+22,9.220758773988377e+22,1603147.1750746109,5.253937170903271e+22,1.1081877925186635e+24,0.0,1.189456887404318e+23,1.2003953802585472e+24,1603147.1750746109,8499.999997760839,999.9999997449379,5.016920901274365e-14,8500,5653.226102321344
4931.950426059798,758.0011932199488,7.231068775368398e-15,1455.6642136351954,30515.97941734187,0.0,6.726126769407405e+22,9.238305361178264e+22,1565371.9903240907,5.286244591816212e+22,1.10818779254077e+24,0.0,1.2012371361223616e+23,1.2005708461525528e+24,1565371.9903240907,8599.999998087706,999.9999997848347,4.900926651375735e-14,8600,5689.951619279746
4970.676731721984,755.7711333919282,7.02863194420062e-15,1464.5115615983636,30515.97941795738,0.0,6.811484755614406e+22,9.25534575700082e+22,1528853.2189141465,5.318373735944458e+22,1.1081877925631223e+24,0.0,1.2129858491558863e+23,1.2007412501331305e+24,1528853.2189141465,8699.999998424915,999.9999998251748,4.7889091710197536e-14,8700,5726.447865113912
5009.1615483447695,753.556433589066,6.833931618011927e-15,1473.3106483397412,30515.97941862181,0.0,6.896702927262723e+22,9.27189151184673e+22,1493536.4657381906,5.3503276194457704e+22,1.108187792587251e+24,0.0,1.2247030546708494e+23,1.2009067077057183e+24,1493536.4657381906,8799.999998797262,999.9999998687214,4.680688729010183e-14,8800,5762.717981933835
5047.408085348204,751.3569589262104,6.64659333956341e-15,1482.0622811037533,30515.9794192972,0.0,6.9817786721587905e+22,9.287953864204995e+22,1459370.24381461,5.38210917382828e+22,1.1081877926117778e+24,0.0,1.236388784598707e+23,1.2010673312538277e+24,1459370.24381461,8899.999999183225,999.9999999129858,4.57609563432391e-14,8900,5798.765044274414
5085.4194864004785,749.1725747124719,6.4662645523349504e-15,1490.7672447381306,30515.97941996943,0.0,7.066709495804698e+22,9.303543750932464e+22,1426305.7892425423,5.413721249266521e+22,1.1081877926361899e+24,0.0,1.248043074507122e+23,1.2012232301455144e+24,1426305.7892425423,8999.999999574626,999.9999999570434,4.4749695705533386e-14,9000,5834.59206111295
5123.198831252275,747.0031465401676,6.292613101680291e-15,1499.4263025579867,30515.979420672353,0.0,7.151493016961368e+22,9.318671817086892e+22,1394296.8897929501,5.445166617739328e+22,1.1081877926617166e+24,0.0,1.2596659634700696e+23,1.2013745108325855e+24,1394296.8897929501,9099.999999991747,1000.0000000031126,4.3771589812296294e-14,9100,5870.201977792443
5160.7491374768615,744.8485403619881,6.125325853207553e-15,1508.0401971601577,30515.979421369204,0.0,7.236126963356903e+22,9.333348425317293e+22,1363299.725991313,5.476447975987113e+22,1.1081877926870227e+24,0.0,1.2712574939344016e+23,1.2015212769401956e+24,1363299.725991313,9200.000000412825,1000.0000000487838,4.282520501608313e-14,9200,5905.597677838849
5198.07336220476,742.7086225709768,5.964107418201748e-15,1516.6096512117028,30515.979422103675,0.0,7.3206091676449e+22,9.347583664997076e+22,1333272.7236827498,5.507567948375299e+22,1.108187792713695e+24,0.0,1.28281771160202e+23,1.2016636293636657e+24,1333272.7236827498,9300.00000086456,1000.0000000969206,4.190918433086114e-14,9300,5940.781984775736
5235.174403734365,740.5832600639378,5.808678976617734e-15,1525.135368184809,30515.979422841272,0.0,7.404937563444071e+22,9.36138736088124e+22,1304176.4171046128,5.538529089563134e+22,1.1081877927404808e+24,0.0,1.2943466653007205e+23,1.2018016663492932e+24,1304176.4171046128,9400.000001326256,1000.0000001452623,4.102224256440555e-14,9400,5975.757663798303
5272.055103148016,738.4723203093226,5.658777189411856e-15,1533.618033071825,30515.97942360623,0.0,7.489110181619684e+22,9.374769081549677e+22,1275973.321650209,5.5693338871003334e+22,1.1081877927682603e+24,0.0,1.3058444068720018e+23,1.201935483583757e+24,1275973.321650209,9500.000001813054,1000.0000001953974,4.0163161808448115e-14,9500,6010.527423457339
5308.7182458272855,736.3756714023631,5.514153192462922e-15,1542.0583130554496,30515.979424396923,0.0,7.573125146655305e+22,9.387738147441583e+22,1248627.8155169575,5.599984763860866e+22,1.1081877927969743e+24,0.0,1.3173109910516172e+23,1.2020651742713901e+24,1248627.8155169575,9600.000002324445,1000.0000002472188,3.9330787255212556e-14,9600,6045.0939172296485
5345.166562926065,734.2931821170533,5.374571665273617e-15,1550.456858150015,30515.979425149675,0.0,7.656980673182052e+22,9.400303638605133e+22,1222106.0295489456,5.63048408037178e+22,1.1081877928243104e+24,0.0,1.3287464753553832e+23,1.2021908292103618e+24,1222106.0295489456,9700.000002820618,1000.0000002965538,3.852402331444642e-14,9700,6079.459745043118
5381.402732852854,732.2247219627355,5.239809968259811e-15,1558.8143018277883,30515.979425978527,0.0,7.740675062726207e+22,9.412474402267536e+22,1196375.7446411978,5.660834137087613e+22,1.1081877928544103e+24,0.0,1.340150919981382e+23,1.2023125368770857e+24,1196375.7446411978,9800.000003373649,1000.0000003508763,3.774183000721735e-14,9800,6113.627454815589
5417.429382577508,730.1701612165492,5.109657342751258e-15,1567.131261585653,30515.979426816142,0.0,7.824206700416442e+22,9.424259059885208e+22,1171406.2960728572,5.6910371764482995e+22,1.1081877928848282e+24,0.0,1.3515243876864742e+23,1.2024303834836803e+24,1171406.2960728572,9900.000003941437,1000.0000004057732,3.698321961158517e-14,9900,6147.599543794056
5453.249089018765,728.1293709717071,4.983914168849089e-15,1575.4083395167847,30515.97942764907,0.0,7.907574051988006e+22,9.435666014168051e+22,1147168.484295984,5.721095384955204e+22,1.108187792915076e+24,0.0,1.362866943694321e+23,1.2025444530567566e+24,1147168.484295984,10000.000004515547,1000.0000004603627,3.624725354367442e-14,10000,6181.378459990472
5488.864380336208,726.1022231740366,4.862391276253877e-15,1583.6461228445983,30515.979428511284,0.0,7.990775660837816e+22,9.446703455751799e+22,1123634.4916453776,5.751010895110159e+22,1.1081877929463873e+24,0.0,1.3741786555947975e+23,1.2026548275039053e+24,1123634.4916453776,10100.000005118076,1000.0000005168716,3.553303945310137e-14,10100,6214.966603510245
5524.277737159348,724.0885906519319,4.744909303847772e-15,1591.8451844279305,30515.97942938151,0.0,8.073810145166613e+22,9.457379369588328e+22,1100777.8045302616,5.7807857872500295e+22,1.1081877929779895e+24,0.0,1.3854595932416642e+23,1.2027615866738728e+24,1100777.8045302616,10200.000005735516,1000.0000005739059,3.4839728516490274e-14,10200,6248.36632781128
5559.491593819272,722.0883471497724,4.6312981042150894e-15,1600.0060832546294,30515.979430282656,0.0,8.156676195289522e+22,9.467701541184562e+22,1078573.1407113264,5.810422091339187e+22,1.1081877930107148e+24,0.0,1.3967098286628708e+23,1.2028648084225604e+24,1078573.1407113264,10300.000006383118,1000.0000006329665,3.4166512914584405e-14,10300,6281.579940969044
5594.508339507315,720.1013673531083,4.521396189484828e-15,1608.1293649054855,30515.979431221567,0.0,8.239372571005748e+22,9.477677562554342e+22,1056996.3812699644,5.839921788654271e+22,1.1081877930448112e+24,0.0,1.4079294359660018e+23,1.2029645686703546e+24,1056996.3812699644,10400.000007066088,1000.0000006945021,3.35126234779093e-14,10400,6314.609706860423
5629.330319406537,718.1275269127542,4.415050215312721e-15,1616.2155620007125,30515.979432179403,0.0,8.321898099082231e+22,9.487314837976967e+22,1036024.5069347074,5.869286813405588e+22,1.108187793079595e+24,0.0,1.419118491248782e+23,1.2030609414593647e+24,1036024.5069347074,10500.000007772285,1000.0000007572783,3.287732748877522e-14,10500,6347.457846319291
5663.959835795054,716.1667024673712,4.312114500049139e-15,1624.2651946293263,30515.979433135835,0.0,8.404251670844749e+22,9.49662058956511e+22,1015635.5384473896,5.898519054296398e+22,1.1081877931143279e+24,0.0,1.4302770725141146e+23,1.203153999009979e+24,1015635.5384473896,10600.000008488354,1000.0000008199621,3.225992662783065e-14,10600,6380.126538262425
5698.399149127506,714.2187716655609,4.212450576399498e-15,1632.278770763757,30515.97943415389,0.0,8.486432239878398e+22,9.50560186266062e+22,995808.4806787063,5.927620356028583e+22,1.1081877931512985e+24,0.0,1.441405259590698e+23,1.2032438117779046e+24,995808.4806787063,10700.000009257254,1000.000000886685,3.165975505445892e-14,10700,6412.617920793066
5732.6504790249855,712.2836131770922,4.1159267730523565e-15,1640.2567866427312,30515.979435195473,0.0,8.568438819735878e+22,9.514265530935205e+22,976523.2702130104,5.956592520693078e+22,1.1081877931891237e+24,0.0,1.4525031340428955e+23,1.2033304484984757e+24,976523.2702130104,10800.000010053767,1000.0000009549499,3.107617761036251e-14,10800,6444.934092202077
5766.7160053008965,710.3611067120812,4.0224178241215584e-15,1648.1997271549383,30515.97943625049,0.0,8.650270481823865e+22,9.522618301436142e+22,957760.7261795108,5.985437309163158e+22,1.1081877932274365e+24,0.0,1.4635707790987024e+23,1.203413976241798e+24,957760.7261795108,10900.000010871481,1000.0000010240949,3.0508588138736225e-14,10900,6477.0771120129775
5800.597868933282,708.4511330348831,3.931804504254122e-15,1656.1080662016109,30515.979437362173,0.0,8.731926353338657e+22,9.530666719417706e+22,939502.5040861156,6.01415644241115e+22,1.1081877932678074e+24,0.0,1.4746082795749807e+23,1.2034944604619844e+24,939502.5040861156,11000.000011740536,1000.0000010969541,2.9956407909657954e-14,11000,6509.049001968166
5834.298172973253,706.5535739710989,3.8439732874994145e-15,1663.9822670358117,30515.979438493156,0.0,8.813405615232164e+22,9.53841717294363e+22,921731.0524459408,6.04275160274055e+22,1.1081877933088789e+24,0.0,1.4856157217972713e+23,1.2035719650383153e+24,921731.0524459408,11100.000012635968,1000.0000011710779,2.941908414397096e-14,11100,6540.851746944351
5867.81898348181,704.6683124213328,3.758816028264749e-15,1671.822782602129,30515.979439656385,0.0,8.89470750033028e+22,9.54587589743579e+22,904429.5720189331,6.071224435019632e+22,1.1081877933511217e+24,0.0,1.4965931935349911e+23,1.2036465523254795e+24,904429.5720189331,11200.000013567273,1000.0000012473154,2.889608862959873e-14,11200,6572.487295903144
5901.162330402769,702.7952323679639,3.6762296626842935e-15,1679.6300558539374,30515.97944087662,0.0,8.97583129147241e+22,9.55304898000287e+22,887581.9774751368,6.099576547833574e+22,1.1081877933954345e+24,0.0,1.5075407839305984e+23,1.2037182831954632e+24,887581.9774751368,11300.0000145523,1000.0000013272888,2.8386916422819565e-14,11300,6603.957562770733
5934.330208406134,700.9342188800657,3.596115928955957e-15,1687.404520057284,30515.979442138323,0.0,9.056776319714674e+22,9.559942363617238e+22,871172.8613213418,6.127809514588027e+22,1.1081877934412532e+24,0.0,1.51845858343027e+23,1.2037872170774255e+24,871172.8613213418,11400.000015581112,1000.0000014099802,2.7891084628912284e-14,11400,6635.2644272862
5967.324577731069,699.0851581206405,3.5183811053085535e-15,1695.1465990891127,30515.979443450702,0.0,9.137541962633098e+22,9.566561851197197e+22,855187.4599431293,6.155924874592113e+22,1.1081877934889123e+24,0.0,1.5293466837225213e+23,1.2038534120008842e+24,855187.4599431293,11500.000016660892,1000.0000014959928,2.7408131256938165e-14,11500,6666.40973585171
6000.147364980335,697.2479373490479,3.44293576431896e-15,1702.8567077179516,30515.979444800083,0.0,9.218127642656684e+22,9.572913109509679e+22,839611.6216147126,6.183924134077741e+22,1.1081877935379149e+24,0.0,1.5402051776734424e+23,1.2039169246330117e+24,839611.6216147126,11600.000017783183,1000.0000015844304,2.693761414310541e-14,11600,6697.3953023293825
6032.8004639134615,695.4224449256528,3.3696945424598207e-15,1710.535251879466,30515.97944620999,0.0,9.29853282549098e+22,9.579001672985186e+22,824431.7763531577,6.211808767200281e+22,1.1081877935891159e+24,0.0,1.5510341592691263e+23,1.2039778103189677e+24,824431.7763531577,11700.00001896521,1000.0000016768349,2.6479109938476574e-14,11700,6728.222908839114
6065.285736191145,693.6085703114542,3.298575923787684e-15,1718.1826289349792,30515.979447676727,0.0,9.378757018564396e+22,9.58483294735894e+22,809634.9074900855,6.239580216977377e+22,1.1081877936423803e+24,0.0,1.5618337235541773e+23,1.2040361231159698e+24,809634.9074900855,11800.000020205685,1000.0000017729641,2.6032213156238645e-14,11800,6758.894306502599
6097.60501211663,691.8062040696582,3.229502036820691e-15,1725.799227924967,30515.979449197905,0.0,9.458799769555245e+22,9.590412213228427e+22,795208.5248550812,6.267239896209518e+22,1.1081877936976219e+24,0.0,1.5726039665764763e+23,1.2040919158299062e+24,795208.5248550812,11900.000021503605,1000.000001872661,2.5596535274946546e-14,11900,6789.411216186289
6129.76009135236,690.0152378656328,3.1623984636900102e-15,1733.385429812187,30515.97945078091,0.0,9.538660664968136e+22,9.595744629487566e+22,781140.6394647236,6.2947891883629575e+22,1.1081877937551088e+24,0.0,1.5833449853331093e+23,1.2041452400499845e+24,781140.6394647236,12000.00002286577,1000.0000019764104,2.5171703893832674e-14,12000,6819.775329217993
6161.752743611027,688.2355644654367,3.097194060727623e-15,1740.9416077145195,30515.97945243182,0.0,9.618339328753469e+22,9.600835236641992e+22,767419.7396203002,6.322229448415277e+22,1.1081877938150615e+24,0.0,1.5940568777168746e+23,1.2041961461814814e+24,767419.7396203002,12100.000024297593,1000.0000020846103,2.475736193672689e-14,12100,6849.988308076463
6193.584709329515,686.4670777337893,3.033820789726203e-15,1748.4681271298641,30515.97945415357,0.0,9.697835420980555e+22,9.605688960021158e+22,754034.7683268264,6.3495620036721014e+22,1.1081877938775868e+24,0.0,1.6047397424652658e+23,1.2042446834777984e+24,754034.7683268264,12200.000025802812,1000.0000021974525,2.435316690149784e-14,12200,6880.051787063305
6225.257700322247,684.7096726312545,2.972213559152994e-15,1755.965346152447,30515.97945594079,0.0,9.77714863655489e+22,9.610310612886215e+22,740975.101949335,6.376788154552611e+22,1.1081877939424898e+24,0.0,1.61539367911075e+23,1.204290900071352e+24,740975.101949335,12300.00002737854,1000.0000023145861,2.3958790152017933e-14,12300,6909.967372953502
6256.773400424131,682.9632452117427,2.912310074662206e-15,1763.433615683324,30515.979457809655,0.0,9.85627870399275e+22,9.614704899452406e+22,728230.5300306964,6.403909175353991e+22,1.1081877940103577e+24,0.0,1.626018787934674e+23,1.2043348430048818e+24,728230.5300306964,12400.000029037772,1000.0000024370705,2.3573916249997344e-14,12400,6939.736645635874
6288.1334661035535,681.2276926176465,2.854050698284554e-15,1770.8732796302613,30515.97945977032,0.0,9.935225384222511e+22,9.618876417793936e+22,715791.2361971796,6.430926314977294e+22,1.1081877940815591e+24,0.0,1.6366151699199804e+23,1.2043765582594985e+24,715791.2361971796,12500.000030790801,1000.0000025655712,2.319824232399758e-14,12500,6969.3611587212
6319.339527053537,679.502913074088,2.7973783157287793e-15,1778.284675099265,30515.97946178624,0.0,1.0013988469419529e+23,9.622829662651608e+22,703647.7800852987,6.457840797622981e+22,1.1081877941547672e+24,0.0,1.647182926704251e+23,1.2044160907812833e+24,703647.7800852987,12600.000032610456,1000.0000026976933,2.2831477473317314e-14,12600,6998.842440127624
6350.393186807267,677.7888058878566,2.7422382112925775e-15,1785.668132589726,30515.979463911557,0.0,1.0092567781941472e+23,9.626569028221494e+22,691791.0802334736,6.4846538234995895e+22,1.1081877942319482e+24,0.0,1.6577221605441062e+23,1.2044534845141631e+24,691791.0802334736,12700.000034539064,1000.0000028369855,2.2473342204916593e-14,12700,7028.181992695123
6381.296012793634,676.0852701134131,2.6885779450595306e-15,1793.0239734877657,30515.97942073299,0.0,1.0170963157761745e+23,9.630098793077294e+22,680212.396742323,6.511366559720822e+22,1.1081877926639186e+24,0.0,1.6682329717482566e+23,1.2044887805946916e+24,680212.396742323,12800.000000089029,1000.0000000070868,2.2123567824737387e-14,12800,7057.381282907047
6412.049578260751,674.3922097817504,2.636347260554349e-15,1800.3525208127328,30515.979420736352,0.0,1.0249174506380034e+23,9.633423192556316e+22,668903.3203864907,6.537980179331439e+22,1.1081877926640406e+24,0.0,1.6787154685711473e+23,1.2045220245896038e+24,668903.3203864907,12900.000000092426,1000.0000000073069,2.1781896234636868e-14,12900,7086.441788042502
6442.655401595638,672.7095261355018,2.585497951296653e-15,1807.6540837453747,30515.97942073988,0.0,1.0327201719699603e+23,9.636546317843875e+22,657855.751391872,6.564495805121328e+22,1.1081877926641688e+24,0.0,1.689169752482093e+23,1.2045532558426075e+24,657855.751391872,13000.000000096099,1000.0000000075383,2.1448079008324983e-14,13000,7115.36492773114
6473.114987130593,671.0371227351237,2.53598378025439e-15,1814.9289680794382,30515.979420743453,0.0,1.0405044730331086e+23,9.639472186487403e+22,647061.8900286161,6.59091454758048e+22,1.1081877926642986e+24,0.0,1.6995959277911565e+23,1.2045825145291725e+24,647061.8900286161,13100.000000099737,1000.0000000077727,2.112187723563861e-14,13100,7144.152109865717
6503.429815709389,669.37490418776,2.4877603813603736e-15,1822.1774738396164,30515.979420747008,0.0,1.0482703496042291e+23,9.642204727911573e+22,636514.2224105604,6.617237496248566e+22,1.1081877926644275e+24,0.0,1.7099940992290857e+23,1.2046098399435433e+24,636514.2224105604,13200.000000103506,1000.0000000080055,2.080306102163065e-14,13200,7172.804719897149
6533.601345182728,667.7227761397138,2.4407851708161354e-15,1829.3998954331603,30515.97942075084,0.0,1.0560177998859563e+23,9.644747785685909e+22,626205.5080539233,6.643465720265521e+22,1.1081877926645666e+24,0.0,1.7203643719125086e+23,1.2046352705214257e+24,626205.5080539233,13300.000000107457,1000.0000000082565,2.049140908140647e-14,13300,7201.324121322442
6563.631010890392,666.080645268607,2.3950172632105157e-15,1836.5965217964297,30515.97942075475,0.0,1.06374682441997e+23,9.647105119723645e+22,616128.7680631177,6.669600268903734e+22,1.1081877926647087e+24,0.0,1.7307068513103434e+23,1.2046588438619452e+24,616128.7680631177,13400.000000111555,1000.0000000085129,2.018670835604317e-14,13400,7229.711656158999
6593.52022613093,664.4484192753254,2.350417392159135e-15,1843.7676365365523,30515.979420758584,0.0,1.0714574260031872e+23,9.649280408415041e+22,606277.273907837,6.69564217208249e+22,1.1081877926648479e+24,0.0,1.741021643211436e+23,1.2046805967489983e+24,606277.273907837,13500.00000011565,1000.000000008764,1.9888753648351994e-14,13500,7257.968645406255
6623.270382618815,662.8260068757176,2.3069478351906347e-15,1850.9135180684316,30515.97942076267,0.0,1.0791496096067664e+23,9.651277250696706e+22,596644.536757823,6.721592440865509e+22,1.1081877926649964e+24,0.0,1.751308853693317e+23,1.2047005651719634e+24,596644.536757823,13600.000000119933,1000.0000000090319,1.959734727732099e-14,13600,7286.096389494533
6652.882850929608,661.2133177920582,2.2645723426233475e-15,1858.0344397471972,30515.97942076703,0.0,1.0868233822978604e+23,9.653099168059073e+22,587224.2973436982,6.747452067941946e+22,1.1081877926651547e+24,0.0,1.761568589092055e+23,1.2047187843457455e+24,587224.2973436982,13700.000000124608,1000.0000000093178,1.9312298750143866e-14,13700,7314.096168721666
6682.358980933526,659.6102627443438,2.223256070194395e-15,1865.1306699963195,30515.97942077148,0.0,1.0944787531640024e+23,9.654749606494666e+22,578010.516314526,6.773222028091635e+22,1.1081877926653163e+24,0.0,1.771800955973166e+23,1.204735288730263e+24,578010.516314526,13800.000000129314,1000.0000000096095,1.9033424450828196e-14,13800,7341.96924367787
6711.70010221795,658.0167534414309,2.182965515218186e-15,1872.2024724316816,30515.97942077585,0.0,1.1021157332400627e+23,9.656231938389052e+22,568997.3650644033,6.798903278635651e+22,1.108187792665475e+24,0.0,1.782006061103628e+23,1.2047501120493654e+24,568997.3650644033,13900.000000134016,1000.0000000098958,1.876054734442807e-14,13900,7369.716855659381
6740.9075244990345,656.4327025720286,2.143668456066053e-15,1879.2501059815825,30515.979420780448,0.0,1.1097343354376526e+23,9.657549464356428e+22,560179.2170021313,6.824496759872117e+22,1.1081877926656421e+24,0.0,1.7921840114248645e+23,1.2047632873092063e+24,560179.2170021313,14000.000000138929,1000.0000000101971,1.8493496696011415e-14,14000,7397.340227071063
6769.982538022583,654.8580237955359,2.1053338947726968e-15,1886.2738250029186,30515.979420785385,0.0,1.1173345744768627e+23,9.658705415021249e+22,551550.6392396886,6.850003395498099e+22,1.1081877926658213e+24,0.0,1.8023349140266726e+23,1.2047748468160337e+24,551550.6392396886,14100.000000144291,1000.0000000105208,1.823210780352892e-14,14100,7424.840561818119
6798.926413954855,653.2926317327846,2.0679320025876268e-15,1893.2738793936585,30515.979420790685,0.0,1.1249164668203017e+23,9.659702952748373e+22,543106.3846766879,6.87542409301807e+22,1.1081877926660137e+24,0.0,1.812458876122109e+23,1.2047848221934974e+24,543106.3846766879,14200.000000150048,1000.0000000108682,1.7976221743806123e-14,14200,7452.21904568764
6827.740404763374,651.7364419566821,2.0314340683013304e-15,1900.2505147018112,30515.979420796015,0.0,1.1324800306093098e+23,9.660545173323123e+22,534841.3844593404,6.900759744139628e+22,1.1081877926662074e+24,0.0,1.8225560050232724e+23,1.2047932443994386e+24,534841.3844593404,14300.00000015581,1000.0000000112173,1.772568513092351e-14,14300,7479.476846720056
6856.425744588537,650.1893709827965,1.9958124491872354e-15,1907.203972231046,30515.97942080162,0.0,1.1400252856023667e+23,9.661235107583422e+22,526750.7407938697,6.926011225157044e+22,1.1081877926664109e+24,0.0,1.8326264081180712e+23,1.204800143742245e+24,526750.7407938697,14400.000000161703,1000.0000000115848,1.7480349886304234e-14,14400,7506.615115571333
6884.9836496055195,648.6513362598339,1.9610405244102014e-15,1914.1344891429662,30515.979420807565,0.0,1.1475522531154744e+23,9.661775723004645e+22,518829.7200953865,6.951179397322682e+22,1.1081877926666267e+24,0.0,1.8426701928477427e+23,1.2048055498966731e+24,518829.7200953865,14500.000000168302,1000.0000000119744,1.7240073019860647e-14,14500,7533.634985865354
6913.415318377014,647.122256160091,1.92709265076198e-15,1921.0422985561374,30515.979420813805,0.0,1.1550609559644596e+23,9.66216992523949e+22,511073.7464544376,6.976265107206613e+22,1.1081877926668534e+24,0.0,1.8526874666851208e+23,1.2048094919192483e+24,511073.7464544376,14600.000000175083,1000.0000000123832,1.7004716421596023e-14,14600,7560.537574537105
6941.721932197841,645.6020499698435,1.8939441205928513e-15,1927.9276296423068,30515.97942082032,0.0,1.1625514184093338e+23,9.662420559614324e+22,503478.3954045427,7.001269187046036e+22,1.1081877926670899e+24,0.0,1.8626783371139376e+23,1.2048119982632332e+24,503478.3954045427,14700.000000182186,1000.0000000128103,1.6774146663099544e-14,14700,7587.323982167684
6969.904655430633,644.0906378797366,1.8615711218168498e-15,1934.7907077195503,30515.97942082742,0.0,1.1700236661003627e+23,9.662530412583323e+22,496039.387974941,7.026192455083547e+22,1.1081877926673477e+24,0.0,1.8726429116087173e+23,1.204813096793181e+24,496039.387974941,14800.000000189928,1000.0000000132758,1.654823480839628e-14,14800,7613.99529331037
6997.964635833246,642.5879409751084,1.829950699875264e-15,1941.631754342593,30515.979420835225,0.0,1.1774777260259288e+23,9.662502213141346e+22,488752.58501369273,7.0510357158951266e+22,1.1081877926676312e+24,0.0,1.8825812976154414e+23,1.2048128147990447e+24,488752.58501369273,14900.000000198339,1000.000000013787,1.6326856233652878e-14,14900,7640.552576808354
7025.903004878286,641.0938812263133,1.7990607215505747e-15,1948.4509873904549,30515.979420843116,0.0,1.1849136264621193e+23,9.66233863419741e+22,481613.9817671898,7.075799760708437e+22,1.1081877926679177e+24,0.0,1.892493602532963e+23,1.2048111790098918e+24,481613.9817671898,15000.000000206885,1000.0000000143044,1.6109890455268432e-14,15000,7666.996886104599
7053.720878065301,639.6083814791052,1.768879840529914e-15,1955.2486211516134,30515.979420851756,0.0,1.1923313969240176e+23,9.662042293910704e+22,474619.70270303084,7.100485367712084e+22,1.1081877926682315e+24,0.0,1.902379933695226e+23,1.2048082156073386e+24,474619.70270303084,15100.000000216298,1000.0000000148706,1.5897220965912767e-14,15100,7693.329259544406
7081.419355224582,638.1313654449267,1.7393874646217993e-15,1962.024866406369,30515.97942086104,0.0,1.1997310681184536e+23,9.661615756988236e+22,467765.9965635887,7.125093302354729e+22,1.1081877926685687e+24,0.0,1.9122403983539266e+23,1.2048039502384511e+24,467765.9965635887,15200.000000226331,1000.0000000154791,1.5688735078083107e-14,15200,7719.550720669509
7108.999520814353,636.6627576912636,1.7105637245378234e-15,1968.7799305070278,30515.979420870728,0.0,1.2071126718984197e+23,9.661061535947421e+22,461049.23163887364,7.1496243176362715e+22,1.1081877926689205e+24,0.0,1.922075103662047e+23,1.2047984080283947e+24,461049.23163887364,15300.000000236887,1000.0000000161141,1.5484323774799954e-14,15300,7745.662278505616
7136.462444210777,635.202483632051,1.682389444154727e-15,1975.5140174556807,30515.979420881296,0.0,1.2144762412189295e+23,9.660382092344301e+22,454465.8912475102,7.174079154390304e+22,1.1081877926693043e+24,0.0,1.93188415665796e+23,1.2047916135927474e+24,454465.8912475102,15400.000000248398,1000.0000000168067,1.5283881567067806e-14,15400,7771.664927842828
7163.809179990703,633.7504695180293,1.6548461121775738e-15,1982.227327979643,30515.97942089268,0.0,1.2218218100942737e+23,9.659579837967172e+22,448012.56941537757,7.198458541558073e+22,1.1081877926697176e+24,0.0,1.9416676642500812e+23,1.2047835910493893e+24,448012.56941537757,15500.000000260763,1000.0000000175528,1.5087306357747614e-14,15500,7797.559649508733
7191.040768208153,632.3066424272045,1.6279158551302691e-15,1988.9200596048324,30515.979420905336,0.0,1.229149413556718e+23,9.658657135998638e+22,441685.9667422272,7.222763196454949e+22,1.1081877926701773e+24,0.0,1.951425733202213e+23,1.2047743640301636e+24,441685.9667422272,15600.000000274416,1000.0000000183821,1.489449931152327e-14,15600,7823.347410635358
7218.158234663786,630.8709302552652,1.6015814116027524e-15,1995.5924067269025,30515.979420918396,0.0,1.236459087616471e+23,9.657616302145052e+22,435482.88644682855,7.2469938250287466e+22,1.1081877926706516e+24,0.0,1.9611584701193455e+23,1.2047639556921022e+24,435482.88644682855,15700.00000028863,1000.0000000192382,1.4705364730641414e-14,15700,7849.029164919051
7245.162591169228,629.4432617062042,1.5758261076899626e-15,2002.2445606806596,30515.979420933567,0.0,1.24375086922311e+23,9.656459605737621e+22,429400.2305821143,7.2711511221118154e+22,1.1081877926712026e+24,0.0,1.9708659814342915e+23,1.2047523887285787e+24,429400.2305821143,15800.00000030508,1000.0000000202325,1.451980993614777e-14,15800,7874.605852875432
7272.054835802933,628.0235662827076,1.5506338335589992e-15,2008.8767098069175,30515.979420948934,0.0,1.251024796227907e+23,9.655189270800006e+22,423434.99641165824,7.295235771663821e+22,1.1081877926717605e+24,0.0,1.9805483733942892e+23,1.2047396853797607e+24,423434.99641165824,15900.000000321868,1000.0000000212394,1.4337745154321692e-14,15900,7900.078402085641
7298.835953163435,626.6117742769762,1.5259890210881188e-15,2015.4890395183343,30515.979420966563,0.0,1.2582809073478823e+23,9.653807477092635e+22,417584.27294017706,7.319248447010831e+22,1.1081877926724007e+24,0.0,1.9902057520489655e+23,1.2047258674433271e+24,417584.27294017706,16000.000000341035,1000.0000000223948,1.4159083408081491e-14,16000,7925.447727440412
7325.506914613165,625.2078167611979,1.5018766225201129e-15,2022.0817323624842,30515.979420985343,0.0,1.2655192421304564e+23,9.652316361123492e+22,411845.2375900504,7.343189811074361e+22,1.1081877926730827e+24,0.0,1.9998382232378925e+23,1.2047109562843176e+24,411845.2375900504,16100.000000361524,1000.0000000236257,1.3983740413077846e-14,16100,7950.714731374363
7352.0686785196785,623.8116255784237,1.478282090080359e-15,2028.654968083921,30515.979421005977,0.0,1.2727398409197058e+23,9.650718017136821e+22,406215.15301741613,7.367060516596759e+22,1.108187792673832e+24,0.0,2.0094458925793818e+23,1.2046949728452003e+24,406215.15301741613,16200.00000038407,1000.0000000249781,1.3811634478278796e-14,16200,7975.880304098102
7378.522190489505,622.4231333332928,1.455191356508847e-15,2035.2089236841177,30515.979421028867,0.0,1.2799427448234117e+23,9.649014498072696e+22,400691.3640607724,7.390861206358874e+22,1.1081877926746632e+24,0.0,2.0190288654592992e+23,1.2046779376553902e+24,400691.3640607724,16300.00000040906,1000.0000000264782,1.3642686410800784e-14,16300,8000.945323822798
7404.868383597144,621.0422733828865,1.4325908164609232e-15,2041.7437734798114,30515.979421053264,0.0,1.2871279956812336e+23,9.647207816502145e+22,395271.29481605487,7.414592513391935e+22,1.1081877926755492e+24,0.0,2.0285872470204272e+23,1.2046598708405707e+24,395271.29481605487,16400.0000004358,1000.0000000280771,1.3476819424792741e-14,16400,8025.910656980031
7431.108178609722,619.6689798277256,1.410467308732854e-15,2048.2596891600147,30515.97942108019,0.0,1.2942956360340477e+23,9.64529994553884e+22,389952.44583217066,7.4382550611845934e+22,1.1081877926765271e+24,0.0,2.038121142152507e+23,1.2046407921319155e+24,389952.44583217066,16500.000000465334,1000.000000029842,1.331395905417643e-14,16500,8050.777158437448
7457.242484205306,618.303187502712,1.3888080992708917e-15,2054.7568398411204,30515.979421109776,0.0,1.3014457090940541e+23,9.643292819725107e+22,384732.39142132667,7.461849463883029e+22,1.1081877926776014e+24,0.0,2.047630655482357e+23,1.2046207208748524e+24,384732.39142132667,16600.000000497927,1000.0000000317809,1.3154033069050468e-14,16600,8075.545671708018
7483.272197187132,616.9448319682418,1.3676008649251e-15,2061.23539212078,30515.9794211426,0.0,1.3085782587159626e+23,9.641188335896207e+22,379608.77707884595,7.485376326486613e+22,1.1081877926787935e+24,0.0,2.057115891364624e+23,1.2045996760377556e+24,379608.77707884595,16700.000000534146,1000.0000000339326,1.2996971395591218e-14,16700,8100.217029155374
7509.198202692462,615.593849501321,1.3468336779110959e-15,2067.6955101301332,30515.979421177923,0.0,1.3156933293690135e+23,9.638988354021224e+22,374579.3170074033,7.508836245037578e+22,1.1081877926800764e+24,0.0,2.0665769538727715e+23,1.2045776762202887e+24,374579.3170074033,16800.000000573316,1000.0000000362476,1.284270603927859e-14,16800,8124.792052193782
7535.021374398069,614.2501770868829,1.326494990945176e-15,2074.137355584997,30515.979421217264,0.0,1.3227909661100997e+23,9.63669469802401e+22,369641.7917409249,7.532229806806916e+22,1.108187792681505e+24,0.0,2.076013946790791e+23,1.2045547396617451e+24,369641.7917409249,16900.00000061686,1000.0000000388259,1.2691171011297322e-14,16900,8149.271551484952
7560.74257471931,612.9137524090045,1.3065736230194333e-15,2080.5610878352386,30515.97942126012,0.0,1.3298712145574334e+23,9.634309156580377e+22,364794.04586346284,7.555557590473669e+22,1.1081877926830613e+24,0.0,2.0854269736048002e+23,1.204530884248865e+24,364794.04586346284,17000.0000006646,1000.0000000416344,1.2542302257952398e-14,17000,8173.656327128315
7586.362655006467,611.5845138423807,1.2870587457865469e-15,2086.9668639132205,30515.97942130707,0.0,1.3369341208653191e+23,9.631833483897366e+22,360033.9858189157,7.57882016630086e+22,1.1081877926847662e+24,0.0,2.0948161374954053e+23,1.2045061275237398e+24,360033.9858189157,17100.00000071714,1000.0000000447118,1.239603759297217e-14,17100,8197.947168848848
7611.882455735952,610.2624004437854,1.2679398705242439e-15,2093.354838580828,30515.979421359003,0.0,1.343979731699597e+23,9.629269400471312e+22,355359.57780734333,7.602018096306277e+22,1.1081877926866521e+24,0.0,2.1041815413302245e+23,1.2044804866913652e+24,355359.57780734333,17200.000000775366,1000.0000000481153,1.2252316632555011e-14,17200,8222.144856179737
7637.302806697087,608.9473519435794,1.2492068356517841e-15,2099.7251643751365,30515.97942141483,0.0,1.3510080942138404e+23,9.626618593826107e+22,350768.84576402506,7.625151934428309e+22,1.1081877926886796e+24,0.0,2.1135232876566715e+23,1.2044539786269406e+24,350768.84576402506,17300.000000838252,1000.0000000517742,1.21110807330356e-14,17300,8246.250158640667
7662.624527176517,607.6393087375042,1.2308497947725607e-15,2106.0779916534198,30515.979421476957,0.0,1.3580192560265534e+23,9.623882719235581e+22,346259.86941766844,7.648222226689393e+22,1.1081877926909357e+24,0.0,2.1228414786954926e+23,1.2044266198832914e+24,346259.86941766844,17400.000000908447,1000.0000000558458,1.197227293105797e-14,17400,8270.263835914022
7687.8484261358435,606.3382118782491,1.212859205216921e-15,2112.4134686361967,30515.97942154484,0.0,1.3650132651986713e+23,9.62106340042325e+22,341830.78242402046,7.671229511352348e+22,1.1081877926934008e+24,0.0,2.132136216333906e+23,1.2043984266976333e+24,341830.78242402046,17500.00000098558,1000.0000000602948,1.1835837886124292e-14,17500,8294.186638014093
7712.975302388091,605.0440030673976,1.1952258170626934e-15,2118.7317414498957,30515.979421619344,0.0,1.3719901702121847e+23,9.6181622302486e+22,337479.77057181863,7.694174319075297e+22,1.1081877926961064e+24,0.0,2.1414076021197144e+23,1.2043694149985924e+24,337479.77057181863,17600.000001070486,1000.0000000651778,1.1701721825432013e-14,17600,8318.01930545549
7738.005944768876,603.7566246472843,1.1779406626102012e-15,2125.03295416806,30515.979421700955,0.0,1.3789500199492127e+23,9.615180771373759e+22,333205.0700577052,7.717057173061309e+22,1.1081877926990701e+24,0.0,2.1506557372553438e+23,1.2043396004128076e+24,333205.0700577052,17700.000001163928,1000.0000000705268,1.1569872490880777e-14,17700,8341.762569416162
7762.941132304197,602.4760195929855,1.1609950462909202e-15,2131.317248851552,30515.979421789176,0.0,1.3858928636717724e+23,9.61212055691407e+22,329004.9658271749,7.73987858920441e+22,1.1081877927022738e+24,0.0,2.1598807225922134e+23,1.2043089982714145e+24,329004.9658271749,17800.000001265384,1000.0000000763085,1.144023908815829e-14,17800,8365.417151897182
7787.7816343760105,601.2021315045198,1.1443805349898026e-15,2137.584765588122,30515.979421887027,0.0,1.3928187510024205e+23,9.608983091074408e+22,324877.78997873206,7.762639076233265e+22,1.1081877927058274e+24,0.0,2.169082658625747e+23,1.2042776236165714e+24,324877.78997873206,17900.000001378467,1000.0000000827217,1.1312772237816285e-14,17900,8388.98376588053
7812.52821088114,599.934904598839,1.128088948761514e-15,2143.8356425301276,30515.979421993427,0.0,1.3997277319049782e+23,9.605769849765263e+22,320821.92022834637,7.785339135848158e+22,1.1081877927096913e+24,0.0,2.178261645489794e+23,1.2042454912073439e+24,320821.92022834637,18000.000001501947,1000.000000089695,1.1187423928233885e-14,18000,8412.463115479979
7837.181612390349,598.6742837022316,1.1121123519233567e-15,2150.070015932267,30515.979422108798,0.0,1.4066198566664608e+23,9.602482281208469e+22,316835.778431842,7.807979262858026e+22,1.108187792713881e+24,0.0,2.1874177829522632e+23,1.2042126155259657e+24,316835.778431842,18100.00000163641,1000.0000000972565,1.1064147470404609e-14,18100,8435.85589609258
7861.742580302816,597.4202142426958,1.0964430445072903e-15,2156.2880201880384,30515.97942223599,0.0,1.41349517587937e+23,9.599121806526311e+22,312917.8291626429,7.83055994531286e+22,1.1081877927185e+24,0.0,2.1965511704106562e+23,1.204179010783763e+24,312917.8291626429,18200.00000178536,1000.0000001055923,1.0942897454456084e-14,18200,8459.162794545513
7886.211846995499,596.1726422422417,1.0810735540542457e-15,2162.4897878647826,30515.979422373905,0.0,1.4203537404242175e+23,9.59568982031373e+22,309066.5783423771,7.853081664630957e+22,1.1081877927235083e+24,0.0,2.2056619068873133e+23,1.2041446909266456e+24,309066.5783423771,18300.00000194772,1000.0000001146312,1.0823629707819694e-14,18300,8482.384489237742
7910.59013597265,594.9315143095644,1.0659966277364084e-15,2168.675449738752,30515.97942252373,0.0,1.4271956014531673e+23,9.592187691200863e+22,305280.57192242175,7.875544895726278e+22,1.1081877927289492e+24,0.0,2.214750091025795e+23,1.2041096696409578e+24,305280.57192242175,18400.000002124805,1000.0000001244509,1.0706301254999765e-14,18400,8505.521650282215
7934.878162010685,593.6967776326652,1.0512052247917508e-15,2174.8451348289177,30515.979422688626,0.0,1.4340208103739319e+23,9.588616762399847e+22,301558.3946139713,7.897950107131215e+22,1.1081877927349375e+24,0.0,2.2238158210870532e+23,1.204073960358936e+24,301558.3946139713,18500.000002320605,1000.000000135258,1.059087027885427e-14,18500,8528.57493964335
7959.076631298359,592.4683799714095,1.0366925092569386e-15,2180.99897042947,30515.97942286755,0.0,1.4408294188338932e+23,9.584978352236013e+22,297898.66866462276,7.92029776111462e+22,1.1081877927414351e+24,0.0,2.232859194945355e+23,1.2040375762637953e+24,297898.66866462276,18600.000002534074,1000.0000001469843,1.0477296083324365e-14,18600,8551.545011269769
7983.186241577773,591.2462696505131,1.022451842986201e-15,2187.137082142563,30515.979423062738,0.0,1.4476214787053438e+23,9.581273754671405e+22,294300.0526797707,7.942588313800718e+22,1.1081877927485233e+24,0.0,2.2418803100854156e+23,1.2040005302952373e+24,294300.0526797707,18700.00000276808,1000.0000001597772,1.0365539057566509e-14,18700,8574.432511228286
8007.207682278923,590.0303955522822,1.0084767789423195e-15,2193.259593909286,30515.979423273777,0.0,1.4543970420706098e+23,9.577504239810725e+22,290761.2404866357,7.964822215281573e+22,1.1081877927561872e+24,0.0,2.2508792635987673e+23,1.2039628351542945e+24,290761.2404866357,18800.00000302232,1000.0000001736083,1.0255560641405464e-14,18800,8597.238077831205
8031.14163465455,588.8207071097186,9.947610547488228e-16,2199.3666280407524,30515.979423503126,0.0,1.4611561612081515e+23,9.573671054399309e+22,287280.9600394512,7.986999909729993e+22,1.108187792764516e+24,0.0,2.259856152181151e+23,1.2039245033085091e+24,287280.9600394512,18900.000003300014,1000.00000018864,1.0147323292072778e-14,18900,8619.962341764269
8054.988771910162,587.6171542995281,9.812985864911976e-16,2205.4583052478342,30515.97942375362,0.0,1.46789888857875e+23,9.569775422306446e+22,283857.9723639213,8.00912183550751e+22,1.1081877927736127e+24,0.0,2.2688110721295013e+23,1.2038855469966771e+24,283857.9723639213,19000.00000360463,1000.0000002050571,1.0040790452161165e-14,19000,8642.60592620969
8078.7497593309645,586.4196876351607,9.680834627563925e-16,2211.5347446700994,30515.979424023975,0.0,1.4746252768120706e+23,9.565818544996385e+22,280491.0705393778,8.031188425269465e+22,1.1081877927834307e+24,0.0,2.2777441193390173e+23,1.2038459782333946e+24,280491.0705393778,19100.000003934987,1000.0000002227761,9.935926518748188e-15,19100,8665.169446966125
8102.425254409536,585.2282581602377,9.55109938901009e-16,2217.5960639049713,30515.979424317113,0.0,1.4813353786941963e+23,9.56180160199272e+22,277179.07871730335,8.053200106070903e+22,1.108187792794076e+24,0.0,2.2866553893012868e+23,1.2038058088140031e+24,277179.07871730335,19200.000004295027,1000.0000002419881,9.83269681365339e-15,19200,8687.653512569774
8126.015906967482,584.042817441768,9.423724315372622e-16,2223.6423790352437,30515.97942463535,0.0,1.4880292471549737e+23,9.55772575132728e+22,273920.8511744631,8.075157299466488e+22,1.1081877928056328e+24,0.0,2.2955449771016226e+23,1.2037650503189056e+24,273920.8511744631,19300.000004687605,1000.000000262845,9.73106755476066e-15,19300,8710.05872440925
8149.522359276148,582.8633175635463,9.298655132279718e-16,2229.6738046563537,30515.979424980495,0.0,1.494706935256036e+23,9.553592129980044e+22,270715.2713994206,8.097060421609549e+22,1.1081877928181667e+24,0.0,2.304412977416991e+23,1.2037237141179671e+24,270715.2713994206,19400.00000511534,1000.0000002854658,9.631005828376752e-15,19400,8732.385676839694
8172.945246174743,581.6897111196541,9.175839073816526e-16,2235.690453903023,30515.97942535404,0.0,1.5013684961791506e+23,9.549401854308843e+22,267561.2512110978,8.118909883348828e+22,1.108187792831732e+24,0.0,2.3132594845140335e+23,1.2036818113748204e+24,267561.2512110978,19500.000005580605,1000.0000003099475,9.532479562579537e-15,19500,8754.634957294398
8196.285195185967,580.5219512080139,9.05522483338995e-16,2241.692438475157,30515.97942575632,0.0,1.5080139832149242e+23,9.545156020468652e+22,264457.7299080477,8.140706090322531e+22,1.1081877928463407e+24,0.0,2.3220845922471775e+23,1.2036393530510273e+24,264457.7299080477,19600.000006084036,1000.0000003363128,9.435457501514623e-15,19600,8776.807146393981
8219.542826631048,579.3599914241648,8.936762516429944e-16,2247.6798686636957,30515.97942619179,0.0,1.514643449752165e+23,9.540855704823252e+22,261403.67344732158,8.162449443052211e+22,1.1081877928621548e+24,0.0,2.3308883940573864e+23,1.2035963499103873e+24,261403.67344732158,19700.000006631628,1000.0000003648533,9.339909180607806e-15,19700,8798.902818055212
8242.718753738976,578.2037858548316,8.820403594843632e-16,2253.6528533748497,30515.979426661546,0.0,1.521256949266972e+23,9.536501964342837e+22,258398.07365158384,8.184140337030767e+22,1.1081877928792142e+24,0.0,2.3396709829700487e+23,1.2035528125226425e+24,258398.07365158384,19800.000007224975,1000.000000395641,9.24580490264218e-15,19800,8820.922539593808
8265.81358275758,577.0532890718906,8.70610086315701e-16,2259.611500154905,30515.979427169692,0.0,1.5278545353128638e+23,9.532095836997328e+22,255439.94744359347,8.205779162812538e+22,1.1081877928976673e+24,0.0,2.3484324515941176e+23,1.2035087512676406e+24,255439.94744359347,19900.0000078699,1000.0000004289444,9.153115714684701e-15,19900,8842.866871829472
8288.827913058187,575.9084561260862,8.593808396265772e-16,2265.555915213289,30515.979427715105,0.0,1.5344362615104858e+23,9.527638342135424e+22,252528.3361067563,8.22736630609706e+22,1.108187792917474e+24,0.0,2.3571728921201918e+23,1.2034641763388282e+24,252528.3361067563,20000.000008565436,1000.0000004646905,9.06181338580785e-15,20000,8864.736369184273
